-- MySQL dump 10.13  Distrib 8.0.23, for Win64 (x86_64)
--
-- Host: localhost    Database: ps
-- ------------------------------------------------------
-- Server version	8.0.23

/*!40101 SET @OLD_CHARACTER_SET_CLIENT=@@CHARACTER_SET_CLIENT */;
/*!40101 SET @OLD_CHARACTER_SET_RESULTS=@@CHARACTER_SET_RESULTS */;
/*!40101 SET @OLD_COLLATION_CONNECTION=@@COLLATION_CONNECTION */;
/*!50503 SET NAMES utf8mb4 */;
/*!40103 SET @OLD_TIME_ZONE=@@TIME_ZONE */;
/*!40103 SET TIME_ZONE='+00:00' */;
/*!40014 SET @OLD_UNIQUE_CHECKS=@@UNIQUE_CHECKS, UNIQUE_CHECKS=0 */;
/*!40014 SET @OLD_FOREIGN_KEY_CHECKS=@@FOREIGN_KEY_CHECKS, FOREIGN_KEY_CHECKS=0 */;
/*!40101 SET @OLD_SQL_MODE=@@SQL_MODE, SQL_MODE='NO_AUTO_VALUE_ON_ZERO' */;
/*!40111 SET @OLD_SQL_NOTES=@@SQL_NOTES, SQL_NOTES=0 */;

--
-- Table structure for table `companies`
--

DROP TABLE IF EXISTS `companies`;
/*!40101 SET @saved_cs_client     = @@character_set_client */;
/*!50503 SET character_set_client = utf8mb4 */;
CREATE TABLE `companies` (
  `id` int unsigned NOT NULL AUTO_INCREMENT COMMENT '╨Ш╨┤╨╡╨╜╤В╨╕╤Д╨╕╨║╨░╤В╨╛╤А ╤Б╤В╤А╨╛╨║╨╕',
  `name` varchar(150) CHARACTER SET utf8mb4 COLLATE utf8mb4_unicode_ci NOT NULL COMMENT '╨Э╨░╨╖╨▓╨░╨╜╨╕╨╡ ╨║╨╛╨╝╨┐╨░╨╜╨╕╨╕',
  `created_at` datetime DEFAULT CURRENT_TIMESTAMP COMMENT '╨Т╤А╨╡╨╝╤П ╤Б╨╛╨╖╨┤╨░╨╜╨╕╤П ╤Б╤В╤А╨╛╨║╨╕',
  `updated_at` datetime DEFAULT CURRENT_TIMESTAMP ON UPDATE CURRENT_TIMESTAMP COMMENT '╨Т╤А╨╡╨╝╤П ╨╛╨▒╨╜╨╛╨▓╨╗╨╡╨╜╨╕╤П ╤Б╤В╤А╨╛╨║╨╕',
  PRIMARY KEY (`id`),
  UNIQUE KEY `name` (`name`)
) ENGINE=InnoDB AUTO_INCREMENT=101 DEFAULT CHARSET=utf8mb4 COLLATE=utf8mb4_unicode_ci COMMENT='Компании';
/*!40101 SET character_set_client = @saved_cs_client */;

--
-- Dumping data for table `companies`
--

LOCK TABLES `companies` WRITE;
/*!40000 ALTER TABLE `companies` DISABLE KEYS */;
INSERT INTO `companies` VALUES (1,'Schaefer-Wuckert','2019-06-16 02:10:49','2014-11-13 17:58:24'),(2,'Shields, Zieme and Beer','2016-12-22 11:33:16','2017-01-31 03:14:00'),(3,'Davis-Heller','2014-12-01 23:39:37','2014-09-16 12:54:55'),(4,'Marvin Group','2014-11-19 11:01:25','2020-11-23 07:33:29'),(5,'Stehr-Simonis','2011-08-12 14:18:32','2018-06-14 19:57:05'),(6,'Davis Ltd','2018-03-06 01:04:56','2013-06-30 05:36:33'),(7,'Hirthe-Paucek','2020-06-07 20:30:10','2012-06-18 12:13:20'),(8,'Cormier PLC','2017-07-14 07:19:09','2018-07-10 03:18:39'),(9,'Harber, Roberts and Schulist','2015-09-13 17:11:57','2011-08-15 16:21:49'),(10,'Mills-Kemmer','2016-05-19 07:56:14','2020-01-30 03:43:19'),(11,'Green, Hintz and Farrell','2015-01-09 03:59:36','2012-09-13 04:17:40'),(12,'Osinski LLC','2017-05-18 14:53:04','2019-08-24 15:11:38'),(13,'Keebler Ltd','2012-02-13 21:19:50','2016-07-25 14:06:41'),(14,'Feest-Oberbrunner','2011-07-29 02:28:39','2016-12-13 06:17:35'),(15,'Labadie and Sons','2016-04-30 14:45:36','2018-05-30 15:59:42'),(16,'Herzog, Wilkinson and Williamson','2021-05-11 22:05:29','2017-04-09 03:22:14'),(17,'Feeney, McKenzie and Mayer','2018-01-08 23:33:46','2019-02-04 17:12:36'),(18,'Paucek, Jacobs and Volkman','2016-12-05 02:15:16','2021-04-09 21:14:46'),(19,'Ullrich Inc','2018-04-25 06:56:53','2014-09-03 12:33:54'),(20,'Schmidt Group','2011-12-26 21:10:50','2014-11-15 19:04:08'),(21,'Herman-Wisozk','2015-06-20 07:34:06','2019-01-28 09:01:10'),(22,'Schoen-Lockman','2012-04-02 01:29:23','2019-08-16 10:41:04'),(23,'Hoeger, Parker and Kris','2015-06-18 03:33:37','2012-07-18 02:01:12'),(24,'Rodriguez Inc','2019-08-16 11:11:06','2017-04-07 06:27:05'),(25,'Stark, Lesch and Stanton','2016-10-09 23:34:37','2017-04-18 08:10:49'),(26,'O\'Connell-Kohler','2016-07-20 14:05:00','2012-01-30 17:49:10'),(27,'Renner-Welch','2019-02-21 18:57:59','2014-02-09 12:08:11'),(28,'Emmerich, Maggio and Kerluke','2020-04-06 04:36:26','2012-03-24 20:15:20'),(29,'Connelly, Wiza and Lebsack','2014-10-06 15:47:39','2015-08-26 02:04:13'),(30,'Hegmann-Gutkowski','2014-03-05 21:27:40','2013-08-15 04:16:31'),(31,'Herzog LLC','2017-09-04 21:02:07','2019-10-09 04:36:06'),(32,'Ritchie-Bosco','2017-11-28 20:49:54','2011-10-24 18:08:31'),(33,'Johnson-Kutch','2017-10-23 16:37:04','2021-04-04 12:07:52'),(34,'Turner PLC','2017-04-26 03:03:36','2012-08-09 22:08:37'),(35,'Conroy, DuBuque and Murray','2019-02-05 01:59:01','2019-08-23 03:18:55'),(36,'Rempel-Turner','2011-08-05 07:38:04','2015-05-10 13:03:24'),(37,'Boyer Ltd','2020-03-16 21:24:54','2016-01-11 04:25:42'),(38,'Donnelly LLC','2015-02-18 11:45:53','2020-11-03 11:07:58'),(39,'Pacocha, Cole and Stanton','2012-06-18 18:50:11','2013-08-23 10:06:18'),(40,'Ankunding-Zieme','2014-05-09 11:12:27','2018-08-23 14:03:59'),(41,'Rice Ltd','2015-09-20 14:59:43','2017-02-20 01:41:04'),(42,'Hermiston PLC','2014-01-18 14:38:47','2020-01-14 07:27:52'),(43,'Gulgowski, Olson and Rodriguez','2017-03-25 16:39:49','2019-04-03 19:05:29'),(44,'Bauch, Murazik and Hartmann','2014-01-11 21:58:10','2016-10-11 02:05:38'),(45,'Herzog Inc','2016-02-01 19:34:00','2019-06-09 17:06:16'),(46,'Lakin-Langworth','2012-12-10 23:35:55','2015-07-24 00:04:19'),(47,'Collins, Nikolaus and Cartwright','2012-04-05 11:43:25','2019-06-22 13:58:52'),(48,'Nolan LLC','2014-07-09 10:06:11','2014-04-13 06:48:44'),(49,'Ruecker PLC','2018-08-01 06:02:51','2017-05-25 15:31:47'),(50,'Leffler, Mraz and Doyle','2019-01-07 08:23:59','2015-10-23 18:00:12'),(51,'Ledner Inc','2018-10-15 09:40:00','2014-07-21 10:57:07'),(52,'Nader and Sons','2015-04-12 06:23:23','2018-08-12 21:04:16'),(53,'Hodkiewicz Ltd','2018-04-28 23:58:26','2011-06-29 16:26:21'),(54,'Kessler, Collins and Skiles','2020-04-25 08:37:30','2014-09-13 00:16:49'),(55,'Hilpert-Murphy','2016-03-28 09:16:02','2021-02-17 17:15:58'),(56,'O\'Reilly and Sons','2017-04-02 18:31:07','2013-10-31 07:53:21'),(57,'Harris, Miller and Ritchie','2019-01-05 23:39:33','2015-12-03 13:55:00'),(58,'Hamill and Sons','2016-07-24 11:21:18','2018-03-08 17:40:43'),(59,'Lockman PLC','2014-06-23 03:06:45','2016-08-19 05:14:54'),(60,'Turner LLC','2021-01-12 08:11:42','2013-09-12 08:41:59'),(61,'Jast, Spinka and Lindgren','2016-10-20 15:06:59','2019-01-24 08:55:05'),(62,'Conroy-Lehner','2014-09-28 09:26:14','2011-10-25 07:48:40'),(63,'Effertz, Stanton and McKenzie','2013-04-23 16:04:44','2017-04-03 23:02:19'),(64,'Osinski-Mohr','2018-03-08 22:38:40','2011-12-19 15:44:00'),(65,'Jerde, Leuschke and Stamm','2012-03-11 02:37:53','2020-07-29 18:58:07'),(66,'Beier-Auer','2013-07-07 15:11:28','2015-04-23 18:24:55'),(67,'Graham Group','2019-03-02 22:05:40','2019-04-05 05:06:45'),(68,'Deckow and Sons','2018-10-10 13:42:38','2014-01-22 09:31:49'),(69,'Larkin, Conn and Kilback','2016-07-12 05:48:16','2019-09-29 21:40:12'),(70,'Greenfelder, Sanford and Marvin','2015-08-28 20:08:40','2019-03-21 16:57:01'),(71,'Kulas-Stamm','2014-09-16 05:25:10','2014-08-30 04:29:49'),(72,'Schimmel-Satterfield','2011-11-23 14:23:21','2019-08-19 04:30:29'),(73,'Veum-Armstrong','2016-02-16 15:29:13','2019-12-02 19:54:07'),(74,'Spencer Inc','2018-10-04 23:14:42','2020-11-09 13:54:13'),(75,'Zieme and Sons','2014-07-06 18:23:38','2020-12-22 23:01:20'),(76,'Rolfson-Mills','2017-08-18 16:05:54','2016-01-27 00:24:00'),(77,'Altenwerth, Zemlak and Collier','2013-10-25 22:15:44','2020-01-06 06:04:46'),(78,'Rath and Sons','2019-07-03 11:13:23','2013-02-21 22:32:21'),(79,'Padberg, Dare and Batz','2015-04-02 05:09:18','2015-01-23 11:19:04'),(80,'Bartell-Kuhlman','2011-10-10 02:21:18','2014-12-20 12:26:40'),(81,'Dibbert, Lemke and Rempel','2017-08-28 06:31:48','2012-02-12 10:44:07'),(82,'Wilderman, Wehner and Herman','2011-07-08 19:00:10','2011-12-07 07:18:41'),(83,'Monahan-Lesch','2017-07-05 04:39:33','2021-05-18 12:37:38'),(84,'Jerde-Dare','2015-08-29 01:15:49','2011-12-30 10:33:49'),(85,'Sanford Inc','2014-04-18 10:24:29','2016-02-25 03:50:18'),(86,'Reinger Group','2011-12-13 07:24:16','2018-11-07 01:29:45'),(87,'Jerde-Stoltenberg','2019-09-08 01:09:30','2020-11-20 06:35:34'),(88,'Thompson, Bins and Schulist','2018-09-05 11:38:15','2015-03-24 14:00:25'),(89,'Reichert, Reilly and Swaniawski','2012-11-01 04:46:38','2017-12-01 14:49:51'),(90,'Johnson-Jaskolski','2012-08-25 08:01:17','2015-12-10 02:05:57'),(91,'Herzog, Hayes and Murray','2013-02-06 05:25:59','2012-01-03 09:01:35'),(92,'Hamill Ltd','2014-01-31 20:27:23','2015-08-27 04:38:26'),(93,'Feeney LLC','2018-09-28 13:20:52','2013-06-22 00:37:41'),(94,'Feeney-Skiles','2020-08-02 05:40:13','2011-08-13 18:29:32'),(95,'Macejkovic-Prohaska','2017-03-30 14:01:46','2014-01-06 23:56:22'),(96,'Hagenes LLC','2013-08-27 03:18:40','2011-07-01 03:30:47'),(97,'Thiel LLC','2011-11-13 22:35:24','2016-09-06 09:02:04'),(98,'Nienow, Hessel and Hintz','2019-12-22 01:48:02','2013-02-06 03:41:26'),(99,'Rowe Inc','2013-06-03 07:51:41','2017-01-13 06:54:00'),(100,'Balistreri, Bins and Kiehn','2016-04-12 11:44:57','2019-03-08 16:52:37');
/*!40000 ALTER TABLE `companies` ENABLE KEYS */;
UNLOCK TABLES;

--
-- Table structure for table `company_users`
--

DROP TABLE IF EXISTS `company_users`;
/*!40101 SET @saved_cs_client     = @@character_set_client */;
/*!50503 SET character_set_client = utf8mb4 */;
CREATE TABLE `company_users` (
  `company_id` int unsigned NOT NULL COMMENT '╨б╤Б╤Л╨╗╨║╨░ ╨╜╨░ ╨║╨╛╨╝╨┐╨░╨╜╨╕╤О',
  `user_id` int unsigned NOT NULL COMMENT '╨б╤Б╤Л╨╗╨║╨░ ╨╜╨░ ╨┐╨╛╨╗╤М╨╖╨╛╨▓╨░╤В╨╡╨╗╤П',
  `created_at` datetime DEFAULT CURRENT_TIMESTAMP COMMENT '╨Т╤А╨╡╨╝╤П ╤Б╨╛╨╖╨┤╨░╨╜╨╕╤П ╤Б╤В╤А╨╛╨║╨╕',
  PRIMARY KEY (`company_id`,`user_id`) COMMENT '╨б╨╛╤Б╤В╨░╨▓╨╜╨╛╨╣ ╨┐╨╡╤А╨▓╨╕╤З╨╜╤Л╨╣ ╨║╨╗╤О╤З',
  KEY `company_users_user_id_fk` (`user_id`),
  CONSTRAINT `company_users_company_id_fk` FOREIGN KEY (`company_id`) REFERENCES `companies` (`id`),
  CONSTRAINT `company_users_user_id_fk` FOREIGN KEY (`user_id`) REFERENCES `users` (`id`)
) ENGINE=InnoDB DEFAULT CHARSET=utf8mb4 COLLATE=utf8mb4_unicode_ci COMMENT='Работники компаний, связь между пользователями и компаниями';
/*!40101 SET character_set_client = @saved_cs_client */;

--
-- Dumping data for table `company_users`
--

LOCK TABLES `company_users` WRITE;
/*!40000 ALTER TABLE `company_users` DISABLE KEYS */;
INSERT INTO `company_users` VALUES (1,45,'2014-09-25 04:07:00'),(4,56,'2015-07-06 09:21:18'),(5,44,'2016-02-03 11:55:10'),(6,10,'2013-04-16 05:18:01'),(6,27,'2021-04-23 00:58:34'),(6,87,'2016-04-30 03:21:45'),(8,79,'2011-09-27 12:16:12'),(9,19,'2013-02-05 06:46:29'),(9,29,'2014-12-31 00:06:15'),(9,52,'2014-08-24 16:01:51'),(9,70,'2017-12-03 19:00:25'),(14,26,'2020-06-13 05:03:55'),(15,51,'2011-09-12 03:30:35'),(15,77,'2019-10-29 22:37:15'),(16,65,'2016-12-09 08:34:22'),(17,38,'2013-03-31 19:19:02'),(17,49,'2013-03-08 08:46:59'),(17,56,'2019-09-29 06:10:12'),(17,75,'2011-06-23 18:03:36'),(19,28,'2016-11-11 00:00:43'),(19,30,'2014-07-23 17:48:04'),(21,74,'2019-05-06 12:25:55'),(23,37,'2015-08-25 20:53:19'),(24,59,'2017-01-11 23:59:54'),(24,83,'2012-09-08 23:55:01'),(25,32,'2012-05-05 08:21:47'),(25,72,'2019-04-14 06:40:24'),(27,28,'2016-03-12 00:59:22'),(27,54,'2014-04-27 01:18:44'),(27,69,'2019-05-04 15:01:06'),(29,31,'2012-02-13 12:41:12'),(29,98,'2020-04-04 14:59:23'),(31,45,'2020-10-31 05:53:58'),(31,77,'2013-04-12 05:31:41'),(32,53,'2018-02-16 10:21:56'),(33,21,'2016-12-22 19:57:34'),(35,12,'2015-12-25 04:45:18'),(35,86,'2014-04-12 19:29:40'),(41,10,'2021-02-09 20:28:18'),(43,34,'2016-02-16 07:34:37'),(43,52,'2018-07-17 02:37:59'),(46,24,'2014-07-23 12:04:50'),(46,100,'2011-12-09 19:55:21'),(47,13,'2019-06-01 14:51:34'),(47,22,'2012-04-11 00:07:56'),(47,28,'2017-04-16 08:39:06'),(48,58,'2012-11-16 01:37:12'),(48,88,'2016-03-28 14:42:59'),(49,9,'2016-08-05 20:33:25'),(49,36,'2017-04-11 04:19:24'),(51,45,'2015-10-20 08:46:53'),(51,46,'2012-11-11 10:33:48'),(51,91,'2012-12-23 22:57:49'),(51,92,'2020-04-09 11:28:15'),(51,95,'2014-05-01 23:39:50'),(52,12,'2014-06-25 18:54:44'),(52,39,'2012-07-07 06:29:42'),(53,14,'2016-01-09 03:36:55'),(53,28,'2012-06-11 12:45:42'),(55,49,'2020-09-16 17:10:24'),(57,1,'2014-05-30 16:28:15'),(58,1,'2015-09-16 21:46:01'),(61,70,'2017-04-01 01:17:08'),(62,12,'2019-05-28 08:46:59'),(63,54,'2019-11-07 20:38:01'),(63,62,'2019-03-23 05:26:44'),(66,69,'2017-03-14 19:59:47'),(66,89,'2019-01-02 03:03:52'),(67,93,'2016-10-17 08:44:12'),(68,22,'2015-06-23 21:31:16'),(69,90,'2018-03-07 18:22:53'),(72,99,'2019-03-06 10:56:39'),(73,27,'2013-11-01 17:21:19'),(73,31,'2015-12-08 18:59:41'),(73,34,'2011-06-11 00:03:57'),(75,68,'2013-06-06 09:32:57'),(75,97,'2016-02-27 22:47:34'),(76,5,'2013-09-09 17:43:21'),(76,83,'2018-01-13 23:52:43'),(78,17,'2020-06-14 14:29:03'),(78,78,'2018-10-04 12:53:25'),(79,95,'2014-11-16 04:24:43'),(80,72,'2015-06-13 06:11:31'),(82,10,'2013-03-26 16:49:36'),(83,16,'2015-08-12 07:16:28'),(83,91,'2019-03-07 18:59:10'),(85,77,'2020-08-27 21:10:28'),(86,41,'2018-12-12 03:36:50'),(87,17,'2014-09-06 13:36:00'),(87,68,'2014-09-04 20:32:57'),(89,74,'2014-12-22 19:19:02'),(89,84,'2012-08-17 21:30:12'),(90,12,'2012-06-25 21:34:28'),(93,83,'2018-04-24 11:02:10'),(94,26,'2015-02-07 11:40:37'),(96,1,'2016-04-05 07:31:50'),(97,86,'2020-01-21 16:54:40'),(98,93,'2017-03-02 07:25:10'),(100,17,'2012-11-26 20:09:33'),(100,51,'2019-02-13 13:20:41');
/*!40000 ALTER TABLE `company_users` ENABLE KEYS */;
UNLOCK TABLES;

--
-- Table structure for table `coworking`
--

DROP TABLE IF EXISTS `coworking`;
/*!40101 SET @saved_cs_client     = @@character_set_client */;
/*!50503 SET character_set_client = utf8mb4 */;
CREATE TABLE `coworking` (
  `user_id` int unsigned NOT NULL COMMENT '╨б╤Б╤Л╨╗╨║╨░ ╨╜╨░ ╨╕╤Й╤Г╤Й╨╡╨│╨╛ ╨┐╨╛╤А╨░╨▒╨╛╤В╨░╤В╤М',
  `coworker_id` int unsigned NOT NULL COMMENT '╨б╤Б╤Л╨╗╨║╨░ ╨╜╨░ ╨┐╤А╨╡╨┤╨╗╨░╨│╨░╤О╤Й╨╡╨│╨╛ ╨┐╨╛╤А╨░╨▒╨╛╤В╨░╤В╤М',
  `coworking_status_id` int unsigned NOT NULL COMMENT '╨б╤Б╤Л╨╗╨║╨░ ╨╜╨░ ╤Б╤В╨░╤В╤Г╤Б (╤В╨╡╨║╤Г╤Й╨╡╨╡ ╤Б╨╛╤Б╤В╨╛╤П╨╜╨╕╨╡)',
  `confirmed_at` datetime DEFAULT NULL COMMENT '╨Т╤А╨╡╨╝╤П ╨┐╨╛╨┤╤В╨▓╨╡╤А╨╢╨┤╨╡╨╜╨╕╤П ╨┐╤А╨╕╨│╨╗╨░╤И╨╡╨╜╨╕╤П',
  `created_at` datetime DEFAULT CURRENT_TIMESTAMP COMMENT '╨Т╤А╨╡╨╝╤П ╤Б╨╛╨╖╨┤╨░╨╜╨╕╤П ╤Б╤В╤А╨╛╨║╨╕',
  `updated_at` datetime DEFAULT CURRENT_TIMESTAMP ON UPDATE CURRENT_TIMESTAMP COMMENT '╨Т╤А╨╡╨╝╤П ╨╛╨▒╨╜╨╛╨▓╨╗╨╡╨╜╨╕╤П ╤Б╤В╤А╨╛╨║╨╕',
  PRIMARY KEY (`user_id`,`coworker_id`) COMMENT '╨б╨╛╤Б╤В╨░╨▓╨╜╨╛╨╣ ╨┐╨╡╤А╨▓╨╕╤З╨╜╤Л╨╣ ╨║╨╗╤О╤З',
  KEY `coworking_coworker_id_fk` (`coworker_id`),
  KEY `coworking_coworking_status_id_fk` (`coworking_status_id`),
  CONSTRAINT `coworking_coworker_id_fk` FOREIGN KEY (`coworker_id`) REFERENCES `users` (`id`),
  CONSTRAINT `coworking_coworking_status_id_fk` FOREIGN KEY (`coworking_status_id`) REFERENCES `coworking_statuses` (`id`),
  CONSTRAINT `coworking_user_id_fk` FOREIGN KEY (`user_id`) REFERENCES `users` (`id`)
) ENGINE=InnoDB DEFAULT CHARSET=utf8mb4 COLLATE=utf8mb4_unicode_ci COMMENT='Таблица запросов поработать вместе';
/*!40101 SET character_set_client = @saved_cs_client */;

--
-- Dumping data for table `coworking`
--

LOCK TABLES `coworking` WRITE;
/*!40000 ALTER TABLE `coworking` DISABLE KEYS */;
INSERT INTO `coworking` VALUES (3,33,2,'2018-10-06 21:59:52','2014-05-25 08:58:47','2021-05-23 00:44:59'),(3,79,2,'2016-09-28 13:26:05','2021-03-05 07:07:55','2021-05-23 00:44:59'),(6,93,3,'2020-09-25 03:27:39','2015-07-04 21:41:01','2021-05-23 00:44:59'),(10,27,2,'2014-02-10 22:19:36','2014-02-17 09:42:53','2021-05-23 00:44:59'),(10,57,1,'2013-03-15 00:12:05','2020-11-21 10:57:24','2021-05-23 00:44:59'),(11,5,1,'2011-12-29 19:08:35','2012-05-18 23:22:28','2021-05-23 00:44:59'),(14,50,3,'2014-11-14 15:55:41','2020-01-17 03:10:50','2021-05-23 00:44:59'),(18,38,2,'2017-03-26 12:33:57','2020-02-26 20:02:58','2021-05-23 00:44:59'),(20,38,2,'2016-04-08 04:00:09','2014-11-12 23:42:35','2021-05-23 00:44:59'),(21,77,2,'2018-01-17 10:35:07','2012-01-16 08:34:41','2021-05-23 00:44:59'),(22,21,1,'2018-11-16 08:04:25','2021-01-19 10:51:25','2021-05-23 00:44:59'),(22,71,1,'2012-08-16 17:01:13','2017-07-08 11:30:11','2021-05-23 00:44:59'),(24,91,2,'2016-10-31 12:20:19','2014-01-04 19:54:05','2021-05-23 00:44:59'),(24,95,3,'2017-12-15 17:26:08','2021-04-22 00:23:53','2021-05-23 00:44:59'),(25,98,2,'2017-07-29 15:31:17','2020-06-13 22:47:42','2021-05-23 00:44:59'),(26,7,1,'2020-09-05 06:58:23','2012-02-24 03:14:01','2021-05-23 00:44:59'),(26,38,3,'2019-08-15 17:20:38','2020-04-30 22:35:36','2021-05-23 00:44:59'),(27,28,3,'2014-10-05 16:13:45','2017-09-13 01:24:03','2021-05-23 00:44:59'),(27,68,1,'2019-02-07 17:56:09','2015-12-03 08:08:17','2021-05-23 00:44:59'),(28,36,1,'2012-03-10 19:40:46','2016-12-06 17:14:59','2021-05-23 00:44:59'),(28,96,3,'2019-04-11 22:13:59','2017-11-27 19:40:33','2021-05-23 00:44:59'),(29,72,3,'2020-02-20 06:32:45','2012-10-01 02:34:47','2021-05-23 00:44:59'),(32,71,3,'2014-06-26 20:11:13','2016-04-03 03:08:24','2021-05-23 00:44:59'),(33,36,2,'2012-06-10 19:53:00','2012-01-23 14:29:42','2021-05-23 00:44:59'),(33,38,1,'2017-04-18 01:00:40','2012-12-30 22:36:58','2021-05-23 00:44:59'),(33,69,3,'2017-01-27 14:45:13','2021-03-11 19:45:06','2021-05-23 00:44:59'),(33,80,3,'2013-08-17 14:22:36','2014-12-04 13:46:00','2021-05-23 00:44:59'),(34,87,2,'2012-06-18 22:00:28','2014-10-14 12:30:50','2021-05-23 00:44:59'),(36,17,2,'2019-11-25 01:33:51','2017-05-17 18:22:20','2021-05-23 00:44:59'),(36,96,2,'2019-04-08 04:01:07','2013-01-12 23:25:39','2021-05-23 00:44:59'),(37,35,3,'2014-11-02 10:15:39','2018-06-15 05:41:52','2021-05-23 00:44:59'),(37,98,3,'2014-02-01 01:23:12','2014-10-17 09:47:34','2021-05-23 00:44:59'),(39,14,3,'2013-04-05 23:39:22','2020-10-11 19:48:19','2021-05-23 00:44:59'),(39,84,1,'2011-10-11 09:41:38','2020-07-20 17:23:43','2021-05-23 00:44:59'),(40,18,3,'2014-01-28 07:12:09','2015-03-07 10:54:03','2021-05-23 00:44:59'),(41,47,1,'2017-06-04 05:53:35','2014-11-27 01:51:25','2021-05-23 00:44:59'),(42,79,1,'2014-01-14 19:00:12','2014-11-10 04:05:02','2021-05-23 00:44:59'),(43,53,3,'2012-10-15 08:46:06','2014-11-04 16:11:57','2021-05-23 00:44:59'),(45,19,1,'2019-10-28 20:19:58','2014-04-19 04:52:31','2021-05-23 00:44:59'),(45,30,3,'2019-09-17 20:51:28','2019-11-25 00:22:22','2021-05-23 00:44:59'),(45,58,2,'2019-05-27 10:09:10','2011-11-21 07:38:32','2021-05-23 00:44:59'),(45,90,1,'2019-08-16 04:56:49','2015-08-06 11:36:06','2021-05-23 00:44:59'),(46,23,2,'2016-07-04 15:04:21','2012-12-05 15:17:48','2021-05-23 00:44:59'),(46,56,2,'2017-10-12 02:06:10','2015-04-11 08:59:06','2021-05-23 00:44:59'),(48,11,3,'2017-12-14 00:40:31','2019-07-08 02:23:35','2021-05-23 00:44:59'),(48,85,2,'2020-02-04 12:01:34','2019-11-16 16:44:57','2021-05-23 00:44:59'),(49,93,3,'2015-11-23 07:08:46','2016-07-21 23:37:39','2021-05-23 00:44:59'),(50,10,2,'2017-03-17 23:06:20','2019-02-07 04:03:46','2021-05-23 00:44:59'),(50,25,2,'2016-10-12 05:30:11','2019-02-02 09:11:52','2021-05-23 00:44:59'),(50,71,3,'2012-07-04 19:44:14','2021-01-04 21:34:11','2021-05-23 00:44:59'),(51,11,3,'2020-05-04 10:29:21','2016-11-25 14:57:07','2021-05-23 00:44:59'),(52,77,1,'2011-12-16 11:18:30','2013-10-20 01:32:18','2021-05-23 00:44:59'),(53,54,1,'2011-09-27 12:17:21','2012-06-11 09:52:13','2021-05-23 00:44:59'),(55,27,3,'2020-01-26 01:17:31','2018-06-26 00:19:13','2021-05-23 00:44:59'),(55,38,2,'2020-06-06 17:28:46','2012-07-28 20:39:48','2021-05-23 00:44:59'),(58,21,3,'2016-04-01 10:22:10','2018-10-29 07:04:19','2021-05-23 00:44:59'),(58,25,3,'2012-07-18 06:09:18','2013-08-22 00:28:54','2021-05-23 00:44:59'),(58,33,1,'2020-06-10 21:31:27','2011-12-06 23:06:21','2021-05-23 00:44:59'),(58,62,2,'2019-05-30 15:19:55','2017-12-17 05:28:03','2021-05-23 00:44:59'),(59,78,1,'2017-05-27 07:20:53','2011-09-15 11:55:58','2021-05-23 00:44:59'),(59,91,1,'2016-02-18 12:04:49','2017-01-21 10:49:25','2021-05-23 00:44:59'),(60,19,1,'2019-08-16 14:51:25','2013-04-23 04:30:28','2021-05-23 00:44:59'),(61,23,2,'2016-09-01 00:26:16','2014-02-20 07:47:23','2021-05-23 00:44:59'),(62,58,2,'2017-09-02 03:47:30','2014-03-30 13:06:48','2021-05-23 00:44:59'),(63,21,1,'2017-11-04 02:04:56','2011-08-27 14:55:32','2021-05-23 00:44:59'),(63,31,3,'2020-08-31 10:06:44','2014-08-15 20:29:27','2021-05-23 00:44:59'),(63,91,2,'2013-04-15 11:01:29','2019-10-05 22:51:03','2021-05-23 00:44:59'),(66,61,3,'2015-03-20 14:51:47','2016-10-06 05:12:27','2021-05-23 00:44:59'),(69,33,1,'2020-12-04 23:09:09','2020-05-29 15:04:14','2021-05-23 00:44:59'),(71,81,1,'2014-12-15 01:18:19','2018-03-11 04:48:07','2021-05-23 00:44:59'),(73,3,1,'2012-09-10 00:27:53','2016-07-21 11:27:03','2021-05-23 00:44:59'),(73,75,3,'2014-04-14 01:43:47','2020-08-02 14:44:44','2021-05-23 00:44:59'),(74,63,2,'2014-03-04 22:38:38','2012-04-17 12:37:03','2021-05-23 00:44:59'),(76,66,2,'2015-09-21 22:32:01','2020-06-26 10:49:37','2021-05-23 00:44:59'),(76,91,2,'2011-08-02 21:50:11','2017-09-18 02:33:50','2021-05-23 00:44:59'),(77,55,3,'2015-03-02 04:54:25','2014-02-06 02:42:17','2021-05-23 00:44:59'),(79,77,1,'2015-01-24 03:45:49','2015-10-11 10:25:25','2021-05-23 00:44:59'),(80,18,3,'2012-05-21 20:19:06','2014-09-09 22:55:33','2021-05-23 00:44:59'),(80,60,2,'2014-03-03 01:02:15','2019-01-23 20:45:39','2021-05-23 00:44:59'),(82,45,2,'2019-01-18 23:55:06','2019-02-03 20:12:36','2021-05-23 00:44:59'),(84,46,1,'2016-12-30 12:02:05','2012-04-12 13:14:07','2021-05-23 00:44:59'),(84,96,1,'2019-01-26 11:38:46','2018-09-30 05:45:51','2021-05-23 00:44:59'),(86,1,3,'2015-05-09 05:24:40','2012-05-05 06:55:07','2021-05-23 00:44:59'),(86,3,1,'2020-06-03 00:57:14','2012-10-05 11:01:46','2021-05-23 00:44:59'),(86,38,3,'2019-10-31 21:54:59','2020-09-15 22:57:32','2021-05-23 00:44:59'),(88,74,3,'2012-12-15 02:37:39','2014-08-19 23:46:54','2021-05-23 00:44:59'),(88,96,1,'2020-09-15 19:07:51','2019-06-25 13:35:45','2021-05-23 00:44:59'),(89,82,1,'2014-08-28 20:00:07','2013-08-22 08:45:06','2021-05-23 00:44:59'),(89,86,3,'2018-06-18 21:02:47','2011-09-27 02:08:37','2021-05-23 00:44:59'),(91,86,2,'2020-06-07 05:36:57','2019-09-22 14:01:22','2021-05-23 00:44:59'),(92,71,1,'2020-07-28 19:11:32','2021-01-26 01:55:54','2021-05-23 00:44:59'),(93,96,2,'2014-07-15 02:17:28','2012-06-27 02:09:36','2021-05-23 00:44:59'),(94,46,1,'2019-01-21 05:44:32','2014-12-09 20:08:24','2021-05-23 00:44:59'),(94,54,1,'2013-07-31 02:28:45','2019-04-02 03:55:13','2021-05-23 00:44:59'),(94,62,2,'2015-04-12 16:06:13','2015-04-18 22:53:00','2021-05-23 00:44:59'),(94,69,3,'2018-12-28 08:55:03','2019-04-16 21:57:28','2021-05-23 00:44:59'),(97,47,2,'2012-08-21 10:09:12','2014-12-19 03:37:00','2021-05-23 00:44:59'),(97,96,2,'2016-11-24 08:54:32','2018-08-21 03:57:19','2021-05-23 00:44:59'),(98,36,1,'2012-02-17 10:57:54','2012-10-28 12:49:02','2021-05-23 00:44:59'),(99,94,1,'2020-06-18 04:49:15','2013-07-05 09:58:06','2021-05-23 00:44:59');
/*!40000 ALTER TABLE `coworking` ENABLE KEYS */;
UNLOCK TABLES;

--
-- Table structure for table `coworking_statuses`
--

DROP TABLE IF EXISTS `coworking_statuses`;
/*!40101 SET @saved_cs_client     = @@character_set_client */;
/*!50503 SET character_set_client = utf8mb4 */;
CREATE TABLE `coworking_statuses` (
  `id` int unsigned NOT NULL AUTO_INCREMENT COMMENT '╨Ш╨┤╨╡╨╜╤В╨╕╤Д╨╕╨║╨░╤В╨╛╤А ╤Б╤В╤А╨╛╨║╨╕',
  `name` varchar(150) CHARACTER SET utf8mb4 COLLATE utf8mb4_unicode_ci NOT NULL COMMENT '╨Э╨░╨╖╨▓╨░╨╜╨╕╨╡ ╤Б╤В╨░╤В╤Г╤Б╨░',
  `created_at` datetime DEFAULT CURRENT_TIMESTAMP COMMENT '╨Т╤А╨╡╨╝╤П ╤Б╨╛╨╖╨┤╨░╨╜╨╕╤П ╤Б╤В╤А╨╛╨║╨╕',
  `updated_at` datetime DEFAULT CURRENT_TIMESTAMP ON UPDATE CURRENT_TIMESTAMP COMMENT '╨Т╤А╨╡╨╝╤П ╨╛╨▒╨╜╨╛╨▓╨╗╨╡╨╜╨╕╤П ╤Б╤В╤А╨╛╨║╨╕',
  PRIMARY KEY (`id`),
  UNIQUE KEY `name` (`name`)
) ENGINE=InnoDB AUTO_INCREMENT=4 DEFAULT CHARSET=utf8mb4 COLLATE=utf8mb4_unicode_ci COMMENT='Статус запросов поработать вместе';
/*!40101 SET character_set_client = @saved_cs_client */;

--
-- Dumping data for table `coworking_statuses`
--

LOCK TABLES `coworking_statuses` WRITE;
/*!40000 ALTER TABLE `coworking_statuses` DISABLE KEYS */;
INSERT INTO `coworking_statuses` VALUES (1,'Rejected','2016-10-21 15:14:21','2017-02-25 09:23:29'),(2,'Confirmed','2017-01-08 04:03:31','2017-07-16 05:29:14'),(3,'Requested','2019-11-10 23:13:37','2017-03-18 13:37:05');
/*!40000 ALTER TABLE `coworking_statuses` ENABLE KEYS */;
UNLOCK TABLES;

--
-- Table structure for table `favorites`
--

DROP TABLE IF EXISTS `favorites`;
/*!40101 SET @saved_cs_client     = @@character_set_client */;
/*!50503 SET character_set_client = utf8mb4 */;
CREATE TABLE `favorites` (
  `id` int unsigned NOT NULL AUTO_INCREMENT,
  `user_id` int unsigned NOT NULL COMMENT '╨Я╨╛╨╗╤М╨╖╨╛╨▓╨░╤В╨╡╨╗╤М, ╨║╨╛╤В╨╛╤А╤Л╨╣ ╨┤╨╛╨▒╨░╨▓╨╕╨╗ ╨▓ ╨╕╨╖╨▒╤А╨░╨╜╨╜╨╛╨╡',
  `target_workplace_id` int unsigned NOT NULL COMMENT '╨Р╨┤╤А╨╡╤Б, ╨║╨╛╤В╨╛╤А╤Л╨╣ ╨┤╨╛╨▒╨░╨▓╨╕╨╗╨╕ ╨▓ ╨╕╨╖╨▒╤А╨░╨╜╨╜╨╛╨╡',
  `created_at` datetime DEFAULT CURRENT_TIMESTAMP,
  PRIMARY KEY (`id`),
  KEY `favorites_user_id_fk` (`user_id`),
  KEY `favorites_target_workplace_id_fk` (`target_workplace_id`),
  CONSTRAINT `favorites_target_workplace_id_fk` FOREIGN KEY (`target_workplace_id`) REFERENCES `workplaces` (`id`),
  CONSTRAINT `favorites_user_id_fk` FOREIGN KEY (`user_id`) REFERENCES `users` (`id`)
) ENGINE=InnoDB AUTO_INCREMENT=107 DEFAULT CHARSET=utf8mb4 COLLATE=utf8mb4_unicode_ci COMMENT='Избранное, адреса которые добавили в избраное';
/*!40101 SET character_set_client = @saved_cs_client */;

--
-- Dumping data for table `favorites`
--

LOCK TABLES `favorites` WRITE;
/*!40000 ALTER TABLE `favorites` DISABLE KEYS */;
INSERT INTO `favorites` VALUES (1,73,57,'2015-08-29 07:38:08'),(2,65,52,'2019-07-12 19:56:21'),(3,67,78,'2011-08-10 13:21:38'),(4,87,100,'2014-01-12 03:33:28'),(5,38,92,'2021-04-06 13:25:10'),(6,43,38,'2017-04-30 10:11:25'),(7,60,86,'2013-07-17 10:04:56'),(8,48,83,'2015-01-20 05:44:31'),(9,72,7,'2012-07-18 10:42:30'),(10,21,85,'2020-11-13 14:43:31'),(11,59,39,'2020-06-29 18:50:44'),(12,20,83,'2017-01-25 13:03:33'),(13,53,16,'2011-08-20 03:38:50'),(14,19,47,'2018-09-11 08:33:14'),(15,76,39,'2011-07-18 00:18:02'),(16,66,14,'2016-03-10 08:37:36'),(17,70,9,'2015-03-04 04:18:13'),(18,36,50,'2013-02-18 01:07:26'),(19,42,61,'2015-11-03 18:49:12'),(20,79,11,'2019-10-11 08:23:18'),(21,19,61,'2015-11-12 13:57:50'),(22,48,57,'2020-07-30 05:46:23'),(23,41,34,'2019-10-05 15:14:25'),(24,46,27,'2014-12-19 12:11:26'),(25,99,11,'2016-04-19 00:52:06'),(26,57,52,'2021-05-22 07:45:42'),(27,88,85,'2012-07-31 22:11:48'),(28,62,51,'2012-11-27 13:51:24'),(29,70,97,'2012-01-11 17:33:16'),(30,76,88,'2019-07-27 21:45:47'),(31,10,86,'2016-10-10 06:00:24'),(32,100,43,'2015-11-07 05:11:55'),(33,15,43,'2020-08-18 02:36:01'),(34,71,25,'2019-12-27 17:47:53'),(35,10,75,'2011-11-11 18:21:09'),(36,46,5,'2019-04-07 01:08:00'),(37,85,9,'2013-08-12 09:17:42'),(38,88,15,'2019-05-06 23:16:31'),(39,10,3,'2013-12-09 02:17:51'),(40,84,11,'2020-05-15 09:12:57'),(41,2,78,'2012-12-07 01:35:48'),(42,84,84,'2016-07-21 23:02:33'),(43,70,95,'2013-09-02 02:32:09'),(44,64,36,'2018-01-08 21:39:26'),(45,89,35,'2021-01-24 16:54:40'),(46,7,31,'2013-07-15 23:04:53'),(47,34,75,'2015-05-04 23:32:40'),(48,75,46,'2013-10-29 14:49:27'),(49,7,94,'2016-10-26 18:05:49'),(50,49,63,'2012-07-04 04:25:16'),(51,66,42,'2012-11-17 19:10:36'),(52,12,32,'2014-12-22 03:37:24'),(53,26,30,'2019-08-23 19:05:30'),(54,74,80,'2014-07-16 14:45:23'),(55,77,45,'2013-03-06 06:08:42'),(56,93,29,'2013-12-09 03:54:06'),(57,65,36,'2012-06-27 23:20:27'),(58,88,29,'2012-08-22 17:35:49'),(59,80,14,'2018-09-13 07:33:10'),(60,29,4,'2015-02-20 14:53:47'),(61,30,41,'2018-01-28 10:53:23'),(62,11,35,'2011-10-08 14:28:32'),(63,38,85,'2018-09-04 21:31:15'),(64,13,9,'2021-01-02 00:01:15'),(65,3,89,'2013-07-02 22:05:16'),(66,33,100,'2019-04-24 08:09:12'),(67,1,3,'2019-08-18 17:37:23'),(68,13,55,'2013-11-01 01:55:50'),(69,35,9,'2016-04-26 04:38:13'),(70,39,68,'2020-06-29 12:33:42'),(71,24,15,'2017-04-08 13:33:32'),(72,1,62,'2017-09-04 21:13:34'),(73,4,36,'2015-03-21 02:34:24'),(74,64,15,'2016-02-13 18:07:19'),(75,80,55,'2019-06-15 06:29:07'),(76,37,17,'2017-07-03 16:02:34'),(77,75,23,'2013-09-02 14:28:54'),(78,88,71,'2016-03-15 03:41:09'),(79,91,40,'2017-01-31 05:46:18'),(80,28,17,'2017-03-09 19:31:18'),(81,3,63,'2019-02-08 03:59:30'),(82,6,42,'2015-03-06 23:25:08'),(83,89,18,'2019-09-26 07:15:31'),(84,25,69,'2020-12-15 10:46:35'),(85,70,40,'2013-01-22 08:11:52'),(86,93,44,'2016-05-05 05:54:12'),(87,41,70,'2021-03-16 20:25:32'),(88,28,28,'2019-10-22 01:07:36'),(89,56,94,'2013-07-22 11:29:46'),(90,3,31,'2019-07-09 15:53:29'),(91,46,39,'2014-09-14 07:02:18'),(92,54,52,'2017-02-05 19:29:30'),(93,99,40,'2013-01-28 16:29:14'),(94,1,84,'2019-10-22 19:18:25'),(95,18,37,'2018-09-26 04:13:40'),(96,29,32,'2011-10-14 00:22:42'),(97,75,80,'2012-08-10 03:19:38'),(98,72,21,'2014-04-14 02:30:09'),(99,89,81,'2019-06-18 20:55:20'),(100,39,52,'2011-05-25 06:35:44'),(101,34,50,'2021-06-07 01:04:31'),(104,14,10,'2021-06-07 01:05:49'),(105,40,10,'2021-06-07 11:49:13'),(106,40,10,'2021-06-07 11:49:16');
/*!40000 ALTER TABLE `favorites` ENABLE KEYS */;
UNLOCK TABLES;
/*!50003 SET @saved_cs_client      = @@character_set_client */ ;
/*!50003 SET @saved_cs_results     = @@character_set_results */ ;
/*!50003 SET @saved_col_connection = @@collation_connection */ ;
/*!50003 SET character_set_client  = utf8mb4 */ ;
/*!50003 SET character_set_results = utf8mb4 */ ;
/*!50003 SET collation_connection  = utf8mb4_0900_ai_ci */ ;
/*!50003 SET @saved_sql_mode       = @@sql_mode */ ;
/*!50003 SET sql_mode              = 'STRICT_TRANS_TABLES,NO_ENGINE_SUBSTITUTION' */ ;
DELIMITER ;;
/*!50003 CREATE*/ /*!50017 DEFINER=`root`@`localhost`*/ /*!50003 TRIGGER `favorites_validation` BEFORE INSERT ON `favorites` FOR EACH ROW BEGIN
  IF !is_row_exists(NEW.user_id) THEN
    SIGNAL SQLSTATE "45000"
    SET MESSAGE_TEXT = "Error adding like! Target table doesn't contain row id provided!";
  END IF;
 IF !is_row_exists2(NEW.target_workplace_id) THEN
    SIGNAL SQLSTATE "45000"
    SET MESSAGE_TEXT = "Error adding like! Target table doesn't contain row id provided!";
  END IF;
 
END */;;
DELIMITER ;
/*!50003 SET sql_mode              = @saved_sql_mode */ ;
/*!50003 SET character_set_client  = @saved_cs_client */ ;
/*!50003 SET character_set_results = @saved_cs_results */ ;
/*!50003 SET collation_connection  = @saved_col_connection */ ;

--
-- Table structure for table `messages`
--

DROP TABLE IF EXISTS `messages`;
/*!40101 SET @saved_cs_client     = @@character_set_client */;
/*!50503 SET character_set_client = utf8mb4 */;
CREATE TABLE `messages` (
  `id` int unsigned NOT NULL AUTO_INCREMENT COMMENT '╨Ш╨┤╨╡╨╜╤В╨╕╤Д╨╕╨║╨░╤В╨╛╤А ╤Б╤В╤А╨╛╨║╨╕',
  `from_user_id` int unsigned NOT NULL COMMENT '╨б╤Б╤Л╨╗╨║╨░ ╨╜╨░ ╨╛╤В╨┐╤А╨░╨▓╨╕╤В╨╡╨╗╤П ╤Б╨╛╨╛╨▒╤Й╨╡╨╜╨╕╤П',
  `to_user_id` int unsigned NOT NULL COMMENT '╨б╤Б╤Л╨╗╨║╨░ ╨╜╨░ ╨┐╨╛╨╗╤Г╤З╨░╤В╨╡╨╗╤П ╤Б╨╛╨╛╨▒╤Й╨╡╨╜╨╕╤П',
  `body` text CHARACTER SET utf8mb4 COLLATE utf8mb4_unicode_ci NOT NULL COMMENT ' ╨в╨╡╨║╤Б╤В ╤Б╨╛╨╛╨▒╤Й╨╡╨╜╨╕╤П',
  `is_important` tinyint(1) DEFAULT NULL COMMENT '╨Я╤А╨╕╨╖╨╜╨░╨║ ╨▓╨░╨╢╨╜╨╛╤Б╤В╨╕',
  `is_delivered` tinyint(1) DEFAULT NULL,
  `created_at` datetime DEFAULT CURRENT_TIMESTAMP COMMENT '╨Т╤А╨╡╨╝╤П ╤Б╨╛╨╖╨┤╨░╨╜╨╕╤П ╤Б╤В╤А╨╛╨║╨╕',
  PRIMARY KEY (`id`),
  KEY `messages_from_user_id_fk` (`from_user_id`),
  KEY `messages_to_user_id_fk` (`to_user_id`),
  CONSTRAINT `messages_from_user_id_fk` FOREIGN KEY (`from_user_id`) REFERENCES `users` (`id`),
  CONSTRAINT `messages_to_user_id_fk` FOREIGN KEY (`to_user_id`) REFERENCES `users` (`id`)
) ENGINE=InnoDB AUTO_INCREMENT=101 DEFAULT CHARSET=utf8mb4 COLLATE=utf8mb4_unicode_ci COMMENT='Сообщения';
/*!40101 SET character_set_client = @saved_cs_client */;

--
-- Dumping data for table `messages`
--

LOCK TABLES `messages` WRITE;
/*!40000 ALTER TABLE `messages` DISABLE KEYS */;
INSERT INTO `messages` VALUES (1,39,55,'Rerum cumque officia modi ipsa aut. Aut et occaecati vel quidem ex. Aut libero eum atque qui cupiditate est natus ea.',0,0,'2013-10-04 19:36:00'),(2,58,25,'Molestiae voluptas aperiam in delectus laboriosam impedit. Sit qui dolores necessitatibus sint beatae neque sapiente eaque. Mollitia delectus debitis unde. Facere minima sint inventore molestias eveniet ducimus ut.',0,1,'2012-03-21 12:58:58'),(3,50,73,'Velit nihil ipsa voluptatem adipisci ullam. Nihil amet amet ab laboriosam tempore ut aperiam. Repudiandae facere rem eaque commodi. Et alias qui expedita placeat corrupti.',1,0,'2019-07-11 04:16:07'),(4,14,51,'Cupiditate dolorem quidem nesciunt laudantium quo. Laboriosam vel placeat et non. Iusto eius consequatur facere quia eligendi. Ducimus et quasi consequuntur illum.',1,0,'2016-08-09 15:06:38'),(5,15,18,'Facilis repellat nostrum veniam vero fugiat. Cupiditate hic veniam quas aperiam ipsa. Nihil voluptas repellendus maiores omnis enim ipsam at. Perferendis eius velit at.',0,0,'2015-05-29 06:29:39'),(6,48,83,'Rem voluptas laborum quam et suscipit maxime. Et non ut qui voluptatem tempore tenetur et. Et sint est et error.',1,1,'2012-08-18 15:45:53'),(7,72,9,'Corporis repellat numquam necessitatibus libero. Reprehenderit numquam eius neque culpa. Temporibus dolorum nostrum error aliquam assumenda.',1,1,'2014-08-18 01:30:03'),(8,29,19,'Id accusantium omnis laborum qui unde non quisquam. Incidunt natus et reprehenderit voluptate libero nobis. Expedita quo fugiat voluptatem voluptates. Expedita impedit itaque atque est consectetur.',0,0,'2012-02-27 12:27:26'),(9,7,77,'Sit velit rerum ut ad asperiores. Quod ea non suscipit vel.',1,0,'2011-10-21 02:26:22'),(10,62,78,'Molestias repellendus ut ut ut rerum ut eos. Non corrupti pariatur quam suscipit et molestiae. Quasi deserunt iste neque ut et. Dicta fuga corrupti sit.',0,0,'2019-10-07 17:46:55'),(11,7,97,'Accusantium velit vel voluptate fuga excepturi quis autem. Quia in ipsam cum atque voluptatibus et. Quo molestias optio rerum temporibus deleniti molestiae expedita.',0,0,'2021-02-27 17:23:34'),(12,66,38,'Deserunt possimus deserunt quas ipsum aut. Dolorum ut dignissimos temporibus cum. Natus deleniti rem asperiores sit.',1,0,'2016-04-16 12:11:47'),(13,90,37,'Magni tempora soluta soluta nulla odio assumenda quia voluptatibus. Omnis repellendus voluptatem maiores excepturi vel id numquam nemo. Et quis repellat reiciendis. Dolor voluptas dignissimos distinctio tenetur.',1,1,'2019-11-02 15:49:15'),(14,13,53,'Labore labore expedita quis rerum unde nihil officia quo. Harum amet in excepturi nam a. Et libero sed pariatur error qui. Qui aliquid aliquid eum a omnis.',1,1,'2018-08-24 10:17:02'),(15,25,67,'Rerum illo dicta sed dolorum aut quas eum. A odio enim magni asperiores illo. Iste aut eaque accusantium aut dolor.',1,0,'2019-07-08 23:00:07'),(16,60,100,'Et vel unde et est culpa quisquam atque. Id excepturi magni cumque sed. Expedita vel voluptatum commodi excepturi error. Debitis deleniti voluptatem voluptas similique occaecati.',1,0,'2013-06-04 15:48:07'),(17,17,83,'Quas facere repellat veritatis minima ex sunt. Perferendis dolores excepturi exercitationem quas eaque. Qui cupiditate id quia quod consequuntur cumque consequatur dolore. Iste itaque explicabo occaecati neque.',0,1,'2015-04-29 10:52:01'),(18,65,77,'Recusandae quia quo possimus. Perspiciatis dolore et totam ut dolorum non. Culpa aperiam saepe similique et error amet eligendi. Earum qui omnis asperiores sunt dolorum et.',1,0,'2013-06-01 23:02:46'),(19,90,17,'Ut reprehenderit facilis eum deleniti magnam molestias. Voluptatem necessitatibus est accusantium minus quae molestias expedita. Ex temporibus repellendus sequi repellendus excepturi.',1,1,'2014-01-06 01:51:52'),(20,13,16,'Quae sed deserunt dolorum nostrum tempora placeat et. Et rem quos ut est ut. Labore doloribus quam ratione et. Iusto atque laborum fugiat vel magni aliquid.',1,0,'2012-01-30 22:06:29'),(21,39,45,'Nobis sed repellendus inventore odit. Eveniet ad et eius occaecati quas. Qui voluptate veniam blanditiis.',0,0,'2015-10-12 12:20:11'),(22,9,8,'Ut recusandae voluptatem quas tempore dolores itaque alias. Labore error quia mollitia. Et laudantium officiis officia enim.',1,0,'2020-12-27 08:16:52'),(23,13,40,'Est dolor culpa cum accusantium corporis facilis. Sit nam dolor ea iusto quis ut. Dolore quas sit laboriosam iure.',1,0,'2015-04-16 23:49:50'),(24,62,89,'Deleniti maxime consequatur mollitia. Facere est aspernatur dolores eaque nostrum. Velit eum ut at. Voluptate sit non voluptates.',1,1,'2020-11-23 21:59:14'),(25,58,24,'Voluptas impedit tempore sint et dolorem. At sint corrupti tempora dolorem ut exercitationem provident ducimus. Nam eius blanditiis eum explicabo voluptatem et.',1,0,'2012-01-05 10:55:44'),(26,45,54,'Quam voluptatibus facere amet officiis inventore molestiae. Maxime aut reprehenderit aut aut et quia. Harum accusantium officiis eaque.',1,0,'2021-01-07 12:20:50'),(27,31,95,'Distinctio sed officia rem voluptatem eveniet voluptatum doloremque et. Nostrum ut omnis ea beatae et. Odit maiores ut at officia.',0,1,'2020-01-11 16:40:03'),(28,83,28,'Ut harum maxime explicabo sed. Necessitatibus sit voluptate neque id et. Odio et sunt quis in deserunt quis. Dolores culpa quasi voluptatibus explicabo aut nobis beatae rerum.',0,0,'2018-11-19 01:18:47'),(29,89,63,'Vero omnis necessitatibus ipsam est accusantium alias. Vitae veniam praesentium expedita eum voluptates. Doloribus dicta culpa maxime magnam.',0,1,'2014-06-13 18:19:27'),(30,46,39,'Deserunt quasi et facilis. Optio commodi fugiat natus. Est dolore incidunt fugit.',0,1,'2011-11-22 19:30:54'),(31,58,74,'Laborum quam velit molestiae rem est sequi repudiandae. Temporibus quia dignissimos velit dolorem. Aliquam et odio laboriosam necessitatibus quia vel. Similique eum itaque a provident qui adipisci dignissimos.',0,1,'2019-12-24 10:42:34'),(32,96,58,'Et omnis quo iusto doloremque magni eveniet. Ducimus ab voluptatem doloribus est. Aut ipsam libero ducimus quo quo doloremque mollitia. Delectus natus quo laborum earum.',0,1,'2012-06-02 22:11:18'),(33,99,22,'Non vitae similique repellat quo exercitationem eligendi. Eos repudiandae et nostrum asperiores. Sunt ipsa quas facilis non.',1,1,'2018-02-23 11:09:52'),(34,13,98,'Vel similique eum assumenda mollitia dolore. Tempora dolores quia culpa cupiditate occaecati. Facilis vel ad dolore ut amet laboriosam beatae. Nesciunt vel vero velit necessitatibus iste nihil aliquid. Cum ex blanditiis aliquam velit excepturi placeat.',1,0,'2011-08-11 17:08:41'),(35,49,51,'Quas velit consequatur rem velit mollitia. Vero animi rem aut adipisci tempora corporis. Nam beatae possimus accusamus nulla et aut optio consequatur. Commodi perferendis atque alias dolorum.',0,1,'2013-08-11 22:45:48'),(36,9,93,'Voluptatem eum minima fuga vel perspiciatis maiores unde officia. Eaque omnis aut nihil reiciendis. Error et sed neque laudantium possimus est ratione dolor. Corporis quae quia aperiam officia sint officia non dolorum.',0,1,'2012-05-14 05:38:04'),(37,35,95,'At aut veniam ea qui quos repellendus. Iusto voluptatum perferendis voluptate tempora. Quo doloremque nisi sequi voluptatibus.',1,1,'2014-10-14 14:49:20'),(38,72,72,'Sequi est expedita ullam qui. Quia voluptatem eveniet sint aliquam. Ducimus modi laboriosam et aut aut quis corporis excepturi. Ut recusandae est ad dolores saepe rerum.',0,1,'2014-10-12 20:34:57'),(39,46,13,'Sed est quam consequuntur ut quam natus accusamus. Consequatur a repudiandae quibusdam harum est. Dolore rerum necessitatibus laborum at.',1,1,'2014-03-19 21:38:27'),(40,27,97,'Mollitia quo voluptatem non debitis perspiciatis dolor corporis. Quis assumenda nemo excepturi neque qui. Et numquam voluptates eaque fugiat quo nam accusamus. Dolorem blanditiis impedit quo velit enim minus.',0,0,'2013-06-23 21:03:18'),(41,1,14,'Quia nesciunt quis qui facilis reiciendis iure. Officiis quas aut laboriosam molestias suscipit quos corrupti eum. Sint eligendi consequatur non expedita.',1,0,'2017-07-22 01:28:25'),(42,68,97,'Eum placeat et quo earum. Et consequatur eos quae odit quam a eum. Omnis quo perferendis error est magni qui vitae.',1,1,'2016-08-08 13:24:39'),(43,81,12,'Quod nostrum dolor ex quidem soluta error. Aut odio temporibus possimus dolor reiciendis totam. Sed sint cum quidem quia maiores natus corporis.',0,0,'2012-08-29 12:35:06'),(44,16,43,'Quasi quis repellat totam suscipit facilis. Officiis enim beatae rerum nesciunt qui officia quia. Minima reprehenderit repellat aliquam nulla.',1,1,'2017-02-11 08:20:09'),(45,67,8,'Voluptates omnis autem amet voluptas dolores. Voluptas sint et et qui non. Vel veniam illum blanditiis rem.',1,0,'2015-03-26 05:33:08'),(46,36,56,'Deleniti hic sint voluptatem dicta. Nostrum quam esse saepe tenetur tenetur qui incidunt. Aspernatur et sit et excepturi est. Aut consequatur illo asperiores dolorum. Omnis et possimus dolores eum consectetur facilis et tempora.',1,1,'2011-09-10 01:12:06'),(47,74,98,'Maxime sunt praesentium eaque ex. Soluta occaecati incidunt quos. Exercitationem voluptas voluptatem reprehenderit rem ipsum doloribus.',0,0,'2018-12-29 18:03:34'),(48,68,44,'Est et voluptates ipsa maxime soluta saepe laudantium. Voluptatem impedit corporis est reprehenderit tenetur. Consequatur quae officiis in impedit. Eum aut rerum unde voluptatem eum commodi.',0,1,'2018-01-27 22:58:33'),(49,18,56,'Minus inventore sed earum deleniti. Vitae a debitis sapiente ad aut dolores doloremque sint. Deserunt aut cum natus. Rerum et velit praesentium dicta.',1,1,'2019-04-18 07:41:04'),(50,28,68,'Voluptate voluptatibus sed dolores magnam vitae quis amet. Maxime et saepe eius culpa. Consectetur maiores explicabo inventore sint eum. Quibusdam molestiae reprehenderit ipsum repudiandae rem.',0,1,'2012-01-27 09:21:23'),(51,57,81,'Ullam aspernatur quaerat eos perferendis adipisci et. Repudiandae assumenda architecto et. Quo voluptatem quod repellat officiis. Cum quae et velit ad quia odit.',1,1,'2018-01-23 18:43:04'),(52,34,24,'Iure omnis asperiores blanditiis adipisci et. Qui quisquam est quia doloribus dolorem in. Modi molestiae illum animi. Aut fugiat aut quam quas.',0,1,'2015-10-17 10:33:42'),(53,21,30,'Et illum dicta nisi omnis molestias ut consequatur. Saepe recusandae quis soluta quaerat enim est. Qui ipsam explicabo nemo atque maiores. Cupiditate cum dolorem aperiam fuga eligendi.',1,1,'2016-09-07 19:35:30'),(54,86,38,'Est voluptatem neque dicta nemo quisquam. Aut vitae nobis quis in commodi quia nisi. Voluptatem ut odit et et omnis. Porro consectetur doloribus nam beatae velit. Aliquam qui sit ducimus.',0,0,'2011-06-17 06:51:27'),(55,35,60,'Aperiam quam excepturi vitae consectetur iste. Voluptatem voluptas saepe et. Quas adipisci quidem beatae beatae.',1,1,'2021-01-12 14:55:13'),(56,95,94,'Modi delectus magnam autem. Unde nemo omnis qui dignissimos exercitationem qui autem neque. Eius consequatur dolor velit. Sit non quam accusamus cupiditate distinctio eaque.',0,0,'2017-01-21 19:40:25'),(57,82,31,'Nemo porro aliquid maxime aut. Tempore sed dolores quisquam fugit enim unde.',1,0,'2013-10-03 11:37:27'),(58,6,38,'Consequatur magnam iste nemo nesciunt. Cum fugiat illum impedit ut fugiat commodi. Nemo consequuntur minus natus facilis. Illo voluptas iste doloremque ab debitis. Omnis autem est enim ut.',1,0,'2020-11-02 07:57:44'),(59,70,38,'Laudantium corrupti voluptatibus sunt. Autem aliquam at voluptatem sed.',0,1,'2013-08-13 05:49:07'),(60,80,83,'Rerum sapiente amet itaque dolores rerum sint. Non voluptas ea eos voluptas saepe qui. Incidunt placeat vel quam non tempore officia tempora hic.',1,0,'2016-06-09 12:48:31'),(61,77,33,'Sequi repellat aut officiis. Totam dolor odio sunt voluptatum in iusto doloremque mollitia. Illum ratione debitis veritatis consequatur fugiat quia eos quaerat.',1,1,'2019-05-23 05:46:55'),(62,34,73,'Veniam suscipit possimus et dolor rerum in dolorem ut. Voluptatum sed aspernatur laudantium laboriosam. At dolores iusto unde voluptas. Nobis autem quos nihil a.',1,0,'2014-06-04 12:26:26'),(63,60,83,'Cumque et corrupti sed pariatur culpa unde illo. Aut itaque sed temporibus odit. Perspiciatis itaque voluptates vel voluptas minus aut ad. Ea at autem nisi et.',1,1,'2018-07-28 03:25:04'),(64,32,10,'Voluptas vel consequatur et voluptate id. Explicabo autem dolore perspiciatis temporibus quis quod nesciunt. Ut dolores quaerat accusantium fugiat magnam pariatur.',0,1,'2013-10-29 02:28:08'),(65,55,43,'Tenetur ab porro quaerat dolorem itaque laborum. Ut dolorum autem et ipsam libero commodi sit. Rerum est facere recusandae ipsum cupiditate dignissimos.',0,0,'2016-11-05 10:39:09'),(66,49,16,'Odio quidem eligendi reprehenderit harum sunt cum. Eos dicta dolores quia qui quas ullam eius. Maiores numquam dolor quo aut quia. Eos et quia aut velit cumque.',1,1,'2014-03-02 08:55:32'),(67,31,6,'Est velit dolore ex ex deserunt. Voluptatem earum id qui earum nihil consequuntur veritatis. Aut nemo qui consequatur.',1,0,'2016-02-18 17:50:35'),(68,40,79,'Aspernatur maiores ipsum id beatae saepe. Laborum fugiat quisquam sapiente nemo est. Voluptas aut dolores repudiandae deserunt et cum.',1,0,'2012-03-17 00:36:06'),(69,75,39,'Rerum quia nemo quidem suscipit. Inventore et at ut molestiae nulla. Totam esse quaerat voluptatibus quaerat omnis.',1,1,'2013-11-05 23:05:35'),(70,67,19,'Maxime omnis repellat consequatur rerum omnis. Incidunt eos eligendi ratione dolor. Officia magni deserunt ab sunt eum sit. Explicabo enim at sed nostrum ipsa.',1,0,'2015-02-02 13:22:16'),(71,95,17,'Omnis doloremque non optio excepturi ut. Ut porro doloribus hic necessitatibus expedita ut.',0,0,'2015-02-11 11:13:30'),(72,99,45,'Quo sint ratione id omnis sed. Minus exercitationem aliquid est aut sunt. Exercitationem dolores et eos repellat harum neque voluptas. Vel odio consequatur praesentium et in.',1,0,'2016-03-11 07:01:54'),(73,26,94,'Magnam et saepe voluptatem consectetur saepe. Eos sit neque quasi cupiditate sed. Ratione soluta eius illo omnis eligendi. Magni hic et quia quibusdam qui voluptates et.',0,0,'2017-10-04 13:17:54'),(74,92,77,'Ipsam nemo corrupti minima. Quos excepturi fuga quis ad. Nam delectus numquam rem maiores molestiae.',1,1,'2018-05-10 14:57:54'),(75,8,9,'Cumque enim dolorem assumenda quibusdam. Architecto quia qui tenetur ex alias nesciunt. Est nobis sint et minima. Fugit aut iste consequatur sit eligendi dignissimos blanditiis nisi.',1,0,'2021-01-19 11:41:23'),(76,23,84,'Quia exercitationem rem consequatur quia praesentium. Ipsa error nulla sed aliquam aut. Ut nulla sed voluptate non ad quibusdam.',1,1,'2012-11-29 17:15:32'),(77,52,8,'Vero ut rem sed. Nihil repellat ex consequatur. Ea qui placeat est aut. Magni ut enim beatae consequatur sed ad.',0,0,'2011-10-05 11:07:19'),(78,85,100,'Laboriosam ut ducimus aliquam reiciendis. Iure quisquam qui illo inventore. Animi sint necessitatibus dolores enim.',1,1,'2021-02-26 16:47:24'),(79,43,13,'Ipsam et rerum nihil facilis molestias facilis rerum natus. Ut consequatur voluptas vel in repellendus ut rem. Deserunt fugit quis non molestiae repellat molestiae omnis. Molestiae eius omnis atque aut explicabo vel.',1,0,'2014-10-15 00:41:35'),(80,37,45,'Ut ea consectetur commodi minus corporis. Illo vel cum vero odio blanditiis quam dolorem eos. Iure reiciendis id at magnam delectus dolorum pariatur. In quia ex at qui rerum quo. Molestiae odio sunt voluptates qui facere corrupti sed.',0,0,'2017-09-19 13:44:27'),(81,15,40,'Quis quidem est et sunt facilis modi. Aut natus atque aut voluptate.',0,1,'2016-06-09 06:13:34'),(82,54,49,'Qui tenetur officia velit explicabo omnis ut qui. Qui dicta ducimus aperiam molestiae. Eveniet incidunt impedit mollitia distinctio ducimus amet et. Et quia sint tenetur in nesciunt assumenda totam.',1,0,'2013-02-17 17:33:27'),(83,82,64,'Dolorem et et quis fugit ut odit quas. Dolorum mollitia eum sit consequatur. Maxime voluptatem explicabo officiis non aut.',0,0,'2011-11-30 09:00:24'),(84,73,74,'Sit non modi at voluptatem. Quidem error temporibus delectus enim. Sapiente et corrupti voluptatem qui.',0,1,'2018-02-10 07:35:03'),(85,51,30,'Culpa non iusto ea cum repellat. Reprehenderit amet repellendus amet incidunt. Consequatur ut amet est est.',1,1,'2019-03-02 21:50:01'),(86,98,100,'Officiis et aut est. Perferendis sit minima aspernatur officia. Exercitationem libero et quia fugit natus quibusdam. Tempore et ratione quos laborum debitis sit eaque.',1,1,'2016-11-16 09:36:08'),(87,3,18,'Odit autem omnis voluptas rerum. Tempora est qui dolorem nesciunt. Adipisci molestias et pariatur odit pariatur. Facilis iure voluptatem officia similique.',0,1,'2015-07-19 20:01:02'),(88,78,36,'Rerum officiis alias quos praesentium in harum enim. Qui dolores sit vel est. Eveniet minima ratione suscipit qui. Veniam accusantium esse voluptate quia.',1,0,'2014-06-28 16:12:33'),(89,45,16,'Labore illum ea saepe cumque cumque. Minus eum alias ut et rerum. Quod culpa enim labore nesciunt.',1,1,'2016-06-18 12:25:12'),(90,46,79,'Temporibus ut adipisci ut dolorem sint dicta vitae dolore. Atque animi vitae sed veritatis. Possimus tenetur velit dolor qui est vero dolore ut. Sed ut incidunt debitis earum sed nihil. Pariatur rerum voluptas quo ut occaecati et.',0,1,'2014-10-19 05:14:38'),(91,58,52,'Qui ipsum voluptatem atque in. Sint quibusdam est reprehenderit qui ut. Expedita tempora consequuntur perferendis tempora aut. Qui animi aut dignissimos ipsam et officia.',1,0,'2014-09-05 23:06:20'),(92,86,73,'Atque molestiae dolorem animi optio officiis. Voluptates omnis laborum aliquam dolorem distinctio quo nostrum. Dolorem temporibus repudiandae nisi sed sequi a. In esse repudiandae modi temporibus. Rerum saepe voluptas veniam molestias ut.',1,1,'2018-08-22 13:09:11'),(93,9,22,'Consequatur voluptatem quia fugiat optio dolorem impedit totam quam. Sit velit quo qui voluptates aut. Quo esse recusandae et. Et rerum fugit perferendis provident aut qui enim. Doloremque rerum et natus ab est.',1,1,'2012-12-11 21:48:29'),(94,85,58,'Quo sit laborum expedita dolorem sapiente pariatur est. Porro ea iure qui culpa facere ipsam. Qui voluptatum suscipit suscipit autem quo perspiciatis. Necessitatibus pariatur error dicta autem culpa.',1,1,'2014-08-29 07:19:53'),(95,36,3,'Minima provident explicabo occaecati vel. Quo perferendis tempora deleniti. Quis enim placeat earum fuga aliquid magnam. Ullam commodi iure iusto ut sed qui explicabo.',1,1,'2015-03-19 04:43:28'),(96,9,36,'Aspernatur consequuntur non rerum nobis. Laudantium aliquam pariatur voluptatibus nisi quia deleniti. Facilis et voluptates eius quidem eaque quidem. Iure culpa voluptatem enim enim eum ut.',1,0,'2019-09-29 10:07:22'),(97,53,55,'Voluptatem inventore sed quos aut provident est. Nemo facere excepturi voluptas animi hic nemo doloremque velit. Aut quod ea inventore ut non maiores. Debitis saepe at nostrum et.',0,0,'2018-12-25 07:00:26'),(98,17,20,'Voluptatem consequatur placeat excepturi. Consequatur neque omnis aut dolores. Numquam aut labore iste aut esse aut nobis. Molestiae eum impedit et explicabo quod dolores.',0,0,'2014-01-16 14:48:31'),(99,48,79,'Aperiam voluptate dolorum amet non cum. Perspiciatis dolorem numquam iste sit molestiae illum. Et dolorum ea dicta veniam. Consequatur quis hic illum magni assumenda et consequatur.',0,0,'2019-05-18 20:59:13'),(100,49,9,'Praesentium odio omnis modi voluptatem eos dolor culpa. Totam enim quod cumque error distinctio qui nobis. Impedit earum et laborum molestiae. Sit cupiditate adipisci rem eius explicabo.',0,0,'2016-06-20 16:20:40');
/*!40000 ALTER TABLE `messages` ENABLE KEYS */;
UNLOCK TABLES;
/*!50003 SET @saved_cs_client      = @@character_set_client */ ;
/*!50003 SET @saved_cs_results     = @@character_set_results */ ;
/*!50003 SET @saved_col_connection = @@collation_connection */ ;
/*!50003 SET character_set_client  = utf8mb4 */ ;
/*!50003 SET character_set_results = utf8mb4 */ ;
/*!50003 SET collation_connection  = utf8mb4_0900_ai_ci */ ;
/*!50003 SET @saved_sql_mode       = @@sql_mode */ ;
/*!50003 SET sql_mode              = 'STRICT_TRANS_TABLES,NO_ENGINE_SUBSTITUTION' */ ;
DELIMITER ;;
/*!50003 CREATE*/ /*!50017 DEFINER=`root`@`localhost`*/ /*!50003 TRIGGER `message_validation` BEFORE INSERT ON `messages` FOR EACH ROW BEGIN
  IF !is_row_exists(NEW.to_user_id) THEN
    SIGNAL SQLSTATE "45000"
    SET MESSAGE_TEXT = "Error adding like! Target table doesn't contain row id provided!";
  END IF;
END */;;
DELIMITER ;
/*!50003 SET sql_mode              = @saved_sql_mode */ ;
/*!50003 SET character_set_client  = @saved_cs_client */ ;
/*!50003 SET character_set_results = @saved_cs_results */ ;
/*!50003 SET collation_connection  = @saved_col_connection */ ;

--
-- Table structure for table `partnership`
--

DROP TABLE IF EXISTS `partnership`;
/*!40101 SET @saved_cs_client     = @@character_set_client */;
/*!50503 SET character_set_client = utf8mb4 */;
CREATE TABLE `partnership` (
  `user_id` int unsigned NOT NULL COMMENT '╨б╤Б╤Л╨╗╨║╨░ ╨╜╨░ ╨╕╨╜╨╕╤Ж╨╕╨░╤В╨╛╤А╨░ ╨┤╨╡╨╗╨╛╨▓╤Л╤Е ╤Б╨╛╨╛╨▒╤Й╨╡╨╜╨╕╨╣',
  `partner_id` int unsigned NOT NULL COMMENT '╨б╤Б╤Л╨╗╨║╨░ ╨╜╨░ ╨┐╨╛╨╗╤Г╤З╨░╤В╨╡╨╗╤П ╨┐╤А╨╕╨│╨╗╨░╤И╨╡╨╜╨╕╤П ╨▒╤Л╤В╤М ╨║╨╛╨╗╨╗╨╡╨│╨╛╨╣',
  `partnership_status_id` int unsigned NOT NULL COMMENT '╨б╤Б╤Л╨╗╨║╨░ ╨╜╨░ ╤Б╤В╨░╤В╤Г╤Б (╤В╨╡╨║╤Г╤Й╨╡╨╡ ╤Б╨╛╤Б╤В╨╛╤П╨╜╨╕╨╡)',
  `confirmed_at` datetime DEFAULT NULL COMMENT '╨Т╤А╨╡╨╝╤П ╨┐╨╛╨┤╤В╨▓╨╡╤А╨╢╨┤╨╡╨╜╨╕╤П ╨┐╤А╨╕╨│╨╗╨░╤И╨╡╨╜╨╕╤П',
  `created_at` datetime DEFAULT CURRENT_TIMESTAMP COMMENT '╨Т╤А╨╡╨╝╤П ╤Б╨╛╨╖╨┤╨░╨╜╨╕╤П ╤Б╤В╤А╨╛╨║╨╕',
  `updated_at` datetime DEFAULT CURRENT_TIMESTAMP ON UPDATE CURRENT_TIMESTAMP COMMENT '╨Т╤А╨╡╨╝╤П ╨╛╨▒╨╜╨╛╨▓╨╗╨╡╨╜╨╕╤П ╤Б╤В╤А╨╛╨║╨╕',
  PRIMARY KEY (`user_id`,`partner_id`) COMMENT '╨б╨╛╤Б╤В╨░╨▓╨╜╨╛╨╣ ╨┐╨╡╤А╨▓╨╕╤З╨╜╤Л╨╣ ╨║╨╗╤О╤З',
  KEY `partnership_partner_id_fk` (`partner_id`),
  KEY `partnership_partnership_status_id_fk` (`partnership_status_id`),
  CONSTRAINT `partnership_partner_id_fk` FOREIGN KEY (`partner_id`) REFERENCES `users` (`id`),
  CONSTRAINT `partnership_partnership_status_id_fk` FOREIGN KEY (`partnership_status_id`) REFERENCES `partnership_statuses` (`id`),
  CONSTRAINT `partnership_user_id_fk` FOREIGN KEY (`user_id`) REFERENCES `users` (`id`)
) ENGINE=InnoDB DEFAULT CHARSET=utf8mb4 COLLATE=utf8mb4_unicode_ci COMMENT='Таблица дружбы коллег';
/*!40101 SET character_set_client = @saved_cs_client */;

--
-- Dumping data for table `partnership`
--

LOCK TABLES `partnership` WRITE;
/*!40000 ALTER TABLE `partnership` DISABLE KEYS */;
INSERT INTO `partnership` VALUES (1,90,2,'2016-01-22 12:32:45','2020-09-20 11:30:00','2021-05-22 23:46:44'),(2,72,2,'2016-01-11 18:10:03','2013-08-11 05:46:32','2021-05-22 23:46:44'),(3,59,3,'2014-02-23 11:11:19','2020-05-28 04:38:02','2021-05-22 23:46:44'),(4,79,3,'2013-02-26 14:33:58','2019-10-13 01:50:52','2021-05-22 23:44:36'),(4,94,1,'2016-07-18 17:16:08','2018-08-14 09:04:49','2021-05-22 23:44:36'),(5,14,3,'2020-07-31 02:46:50','2021-05-22 02:59:14','2021-05-22 23:46:44'),(7,71,3,'2017-08-21 04:27:08','2012-08-04 00:43:13','2021-05-22 23:44:36'),(9,29,3,'2017-06-21 05:17:05','2018-05-14 15:53:48','2021-05-22 23:44:36'),(9,68,1,'2013-11-09 01:59:46','2019-02-10 21:27:47','2021-05-22 23:44:36'),(11,41,1,'2019-07-17 14:48:39','2015-06-01 19:50:56','2021-05-22 23:44:36'),(12,55,1,'2020-12-16 03:30:42','2015-04-03 14:28:48','2021-05-22 23:46:44'),(13,77,1,'2015-08-28 02:37:20','2020-11-27 17:13:26','2021-05-22 23:44:36'),(14,94,1,'2013-10-04 16:33:27','2012-06-28 08:17:04','2021-05-22 23:46:44'),(15,33,1,'2013-12-09 22:30:46','2012-12-11 12:52:49','2021-05-22 23:46:44'),(16,33,1,'2019-01-05 02:56:58','2014-10-22 09:52:57','2021-05-22 23:44:36'),(16,83,1,'2015-11-06 08:08:28','2013-05-09 06:10:24','2021-05-22 23:46:44'),(17,92,2,'2019-03-18 03:29:08','2015-09-07 00:18:13','2021-05-22 23:46:44'),(18,2,3,'2015-03-11 02:58:31','2011-07-22 22:53:35','2021-05-22 23:46:44'),(18,51,2,'2012-02-02 12:12:06','2011-09-20 17:15:19','2021-05-22 23:46:44'),(20,3,2,'2011-10-21 07:47:42','2013-08-06 06:37:39','2021-05-22 23:46:44'),(20,78,3,'2018-01-13 23:54:56','2015-01-28 03:31:37','2021-05-22 23:46:44'),(21,3,3,'2018-10-13 18:27:44','2017-01-27 23:35:13','2021-05-22 23:44:36'),(21,83,1,'2020-06-02 19:32:31','2019-02-20 17:09:39','2021-05-22 23:46:44'),(22,96,2,'2016-11-12 02:18:42','2017-10-31 20:31:47','2021-05-22 23:46:44'),(26,50,1,'2020-10-23 19:57:36','2015-10-07 20:32:42','2021-05-22 23:46:44'),(26,74,1,'2019-08-21 07:11:06','2013-10-09 12:05:24','2021-05-22 23:44:36'),(27,1,1,'2015-01-20 15:07:05','2012-03-31 01:57:26','2021-05-22 23:46:44'),(29,27,1,'2019-12-02 01:26:11','2020-05-03 04:48:22','2021-05-22 23:46:44'),(29,58,1,'2019-11-30 00:49:38','2019-05-05 23:28:41','2021-05-22 23:44:36'),(29,80,2,'2020-10-11 20:37:59','2013-11-18 02:08:56','2021-05-22 23:46:44'),(30,17,1,'2016-10-29 13:29:11','2017-04-17 12:37:24','2021-05-22 23:46:44'),(30,53,3,'2016-01-15 17:37:35','2017-09-23 13:42:05','2021-05-22 23:46:44'),(30,67,3,'2018-08-26 11:11:52','2018-01-05 04:29:50','2021-05-22 23:46:44'),(32,54,1,'2016-11-06 20:45:42','2013-04-16 15:02:01','2021-05-22 23:46:44'),(33,32,3,'2013-05-17 04:37:46','2015-04-22 16:16:07','2021-05-22 23:46:44'),(34,5,2,'2013-05-14 06:17:35','2015-11-06 08:48:07','2021-05-22 23:44:36'),(34,35,1,'2012-09-16 07:29:36','2013-01-06 00:00:20','2021-05-22 23:46:44'),(37,68,1,'2012-01-07 06:36:09','2019-01-08 17:11:03','2021-05-22 23:44:36'),(38,5,1,'2012-04-04 19:25:48','2015-08-18 15:05:15','2021-05-22 23:46:44'),(39,29,3,'2015-05-03 16:27:43','2013-01-27 14:27:07','2021-05-22 23:44:36'),(39,81,3,'2017-10-10 02:56:19','2011-08-27 12:37:55','2021-05-22 23:44:36'),(41,5,2,'2021-04-07 20:26:01','2013-05-29 00:00:18','2021-05-22 23:46:44'),(43,47,1,'2020-07-24 17:14:08','2018-03-07 06:57:47','2021-05-22 23:46:44'),(43,100,3,'2015-09-06 14:20:20','2020-09-05 14:20:48','2021-05-22 23:44:36'),(44,19,1,'2016-09-19 07:09:26','2014-06-03 12:07:09','2021-05-22 23:46:44'),(44,41,2,'2012-10-21 18:31:03','2016-10-02 16:50:09','2021-05-22 23:46:44'),(46,60,3,'2012-02-10 14:46:17','2014-06-09 16:53:55','2021-05-22 23:46:44'),(46,97,2,'2014-04-06 12:28:57','2017-06-04 18:12:02','2021-05-22 23:44:36'),(48,49,2,'2013-03-26 19:07:06','2014-01-09 17:26:47','2021-05-22 23:46:44'),(51,46,3,'2015-08-16 23:44:45','2012-11-28 01:02:16','2021-05-22 23:46:44'),(52,100,2,'2017-06-15 07:49:53','2013-04-08 10:39:24','2021-05-22 23:44:36'),(53,15,3,'2020-11-12 21:21:28','2014-12-10 02:47:47','2021-05-22 23:44:36'),(53,46,3,'2013-08-28 14:54:31','2014-07-31 15:24:43','2021-05-22 23:46:44'),(53,52,1,'2016-07-18 04:52:41','2013-04-10 19:38:09','2021-05-22 23:44:36'),(54,66,1,'2019-09-20 10:35:56','2018-05-22 11:16:03','2021-05-22 23:46:44'),(57,40,3,'2018-05-17 03:55:05','2014-06-22 13:01:29','2021-05-22 23:46:44'),(59,12,2,'2018-09-22 03:16:56','2016-09-21 07:54:01','2021-05-22 23:44:36'),(60,4,2,'2016-08-23 05:35:53','2021-02-25 20:42:43','2021-05-22 23:44:36'),(60,5,1,'2012-08-15 18:51:06','2019-10-23 22:20:38','2021-05-22 23:46:44'),(61,38,1,'2014-06-23 16:13:30','2012-07-02 07:22:54','2021-05-22 23:46:44'),(62,51,1,'2015-05-10 00:53:40','2012-06-05 18:23:01','2021-05-22 23:46:44'),(63,34,2,'2012-06-14 03:30:50','2019-11-21 09:46:08','2021-05-22 23:46:44'),(63,91,1,'2020-08-22 15:24:33','2021-04-28 18:18:14','2021-05-22 23:44:36'),(65,53,1,'2015-06-25 06:31:30','2017-01-27 20:26:41','2021-05-22 23:46:44'),(67,86,1,'2015-06-12 08:16:52','2015-05-01 13:08:24','2021-05-22 23:46:44'),(68,42,1,'2019-12-27 01:47:50','2014-03-22 03:23:33','2021-05-22 23:46:44'),(69,25,3,'2016-05-18 18:24:18','2014-12-31 15:27:58','2021-05-22 23:46:44'),(69,88,3,'2013-09-02 07:19:15','2013-06-16 04:21:45','2021-05-22 23:44:36'),(70,97,2,'2011-08-05 14:23:01','2016-03-20 00:13:53','2021-05-22 23:46:44'),(70,98,3,'2017-04-16 07:24:03','2014-08-03 17:30:39','2021-05-22 23:44:36'),(71,7,1,'2019-01-06 10:51:47','2013-04-03 14:44:01','2021-05-22 23:46:44'),(71,17,2,'2020-08-11 01:45:33','2020-06-11 06:02:01','2021-05-22 23:44:36'),(71,55,2,'2017-07-11 20:14:35','2017-10-04 18:14:02','2021-05-22 23:46:44'),(71,61,1,'2020-03-01 09:38:13','2015-07-30 05:54:07','2021-05-22 23:44:36'),(72,54,2,'2013-11-19 16:28:12','2017-06-23 17:17:56','2021-05-22 23:46:44'),(72,97,1,'2014-05-04 00:35:47','2013-11-30 21:29:01','2021-05-22 23:46:44'),(73,42,3,'2012-08-15 11:45:45','2016-06-20 06:28:49','2021-05-22 23:46:44'),(73,80,3,'2011-09-22 10:32:12','2021-03-26 14:17:45','2021-05-22 23:44:36'),(74,11,2,'2013-03-30 15:31:56','2018-01-08 20:18:16','2021-05-22 23:46:44'),(75,12,3,'2015-09-30 11:11:40','2015-07-11 06:54:51','2021-05-22 23:46:44'),(76,87,2,'2020-04-14 03:29:10','2018-10-09 10:33:03','2021-05-22 23:44:36'),(77,47,3,'2011-06-20 06:07:35','2017-12-27 12:37:31','2021-05-22 23:46:44'),(78,30,2,'2016-03-10 15:33:58','2017-08-19 04:57:09','2021-05-22 23:44:36'),(78,99,1,'2016-08-06 19:34:59','2017-05-01 22:23:16','2021-05-22 23:44:36'),(79,54,3,'2016-05-28 00:56:41','2021-03-04 22:38:27','2021-05-22 23:46:44'),(79,93,3,'2013-08-09 11:18:39','2012-09-30 04:40:52','2021-05-22 23:46:44'),(80,57,3,'2017-02-18 03:13:56','2020-12-30 18:59:04','2021-05-22 23:46:44'),(81,70,2,'2019-04-26 04:54:20','2020-02-16 17:53:09','2021-05-22 23:46:44'),(82,74,1,'2013-01-31 12:11:00','2015-03-03 21:56:15','2021-05-22 23:44:36'),(85,47,1,'2016-10-02 23:25:04','2014-08-08 07:49:52','2021-05-22 23:46:44'),(87,12,3,'2017-08-11 15:04:20','2014-04-28 01:05:38','2021-05-22 23:44:36'),(89,99,2,'2013-07-18 07:33:40','2019-11-19 23:34:47','2021-05-22 23:46:44'),(90,29,2,'2020-02-07 22:48:10','2017-02-09 10:18:33','2021-05-22 23:44:36'),(92,8,1,'2017-06-04 19:33:06','2017-03-19 04:31:03','2021-05-22 23:46:44'),(93,79,1,'2013-08-31 14:17:52','2020-12-25 18:53:20','2021-05-22 23:46:44'),(96,53,2,'2013-01-22 13:17:03','2013-07-13 23:47:10','2021-05-22 23:46:44'),(98,54,2,'2018-01-01 23:07:00','2011-08-09 09:08:46','2021-05-22 23:46:44'),(100,28,1,'2015-02-27 00:48:07','2018-11-05 21:10:59','2021-05-22 23:46:44'),(100,45,1,'2021-01-15 21:10:18','2018-03-23 08:08:32','2021-05-22 23:44:36'),(100,52,2,'2016-06-07 09:50:32','2015-05-29 17:13:42','2021-05-22 23:46:44');
/*!40000 ALTER TABLE `partnership` ENABLE KEYS */;
UNLOCK TABLES;

--
-- Table structure for table `partnership_statuses`
--

DROP TABLE IF EXISTS `partnership_statuses`;
/*!40101 SET @saved_cs_client     = @@character_set_client */;
/*!50503 SET character_set_client = utf8mb4 */;
CREATE TABLE `partnership_statuses` (
  `id` int unsigned NOT NULL AUTO_INCREMENT COMMENT '╨Ш╨┤╨╡╨╜╤В╨╕╤Д╨╕╨║╨░╤В╨╛╤А ╤Б╤В╨╛╤А╨║╨╕',
  `name` varchar(150) CHARACTER SET utf8mb4 COLLATE utf8mb4_unicode_ci NOT NULL COMMENT '╨Э╨░╨╖╨▓╨░╨╜╨╕╨╡ ╤Б╤В╨░╤В╤Г╤Б╨░',
  `created_at` datetime DEFAULT CURRENT_TIMESTAMP COMMENT '╨Т╤А╨╡╨╝╤П ╤Б╨╛╨╖╨┤╨░╨╜╨╕╤П ╤Б╤В╤А╨╛╨║╨╕',
  `updated_at` datetime DEFAULT CURRENT_TIMESTAMP ON UPDATE CURRENT_TIMESTAMP COMMENT '╨Т╤А╨╡╨╝╤П ╨╛╨▒╨╜╨╛╨▓╨╗╨╡╨╜╨╕╤П ╤Б╤В╤А╨╛╨║╨╕',
  PRIMARY KEY (`id`),
  UNIQUE KEY `name` (`name`)
) ENGINE=InnoDB AUTO_INCREMENT=4 DEFAULT CHARSET=utf8mb4 COLLATE=utf8mb4_unicode_ci COMMENT='Статус дружбы коллег';
/*!40101 SET character_set_client = @saved_cs_client */;

--
-- Dumping data for table `partnership_statuses`
--

LOCK TABLES `partnership_statuses` WRITE;
/*!40000 ALTER TABLE `partnership_statuses` DISABLE KEYS */;
INSERT INTO `partnership_statuses` VALUES (1,'Rejected','2015-03-25 11:24:28','2011-11-13 05:16:54'),(2,'Confirmed','2018-06-05 15:49:35','2014-07-04 07:17:20'),(3,'Requested','2017-08-11 22:26:38','2018-11-04 19:48:13');
/*!40000 ALTER TABLE `partnership_statuses` ENABLE KEYS */;
UNLOCK TABLES;

--
-- Table structure for table `profiles`
--

DROP TABLE IF EXISTS `profiles`;
/*!40101 SET @saved_cs_client     = @@character_set_client */;
/*!50503 SET character_set_client = utf8mb4 */;
CREATE TABLE `profiles` (
  `user_id` int unsigned NOT NULL,
  `gender` enum('F','M') COLLATE utf8mb4_unicode_ci DEFAULT NULL,
  `city` varchar(150) CHARACTER SET utf8mb4 COLLATE utf8mb4_unicode_ci NOT NULL,
  `country` varchar(150) CHARACTER SET utf8mb4 COLLATE utf8mb4_unicode_ci NOT NULL,
  `created_at` datetime DEFAULT CURRENT_TIMESTAMP,
  `updated_at` datetime DEFAULT CURRENT_TIMESTAMP ON UPDATE CURRENT_TIMESTAMP,
  `birthday` date DEFAULT NULL COMMENT '╨Ф╨░╤В╨░ ╤А╨╛╨╢╨┤╨╡╨╜╨╕╤П',
  PRIMARY KEY (`user_id`),
  CONSTRAINT `profiles_user_id_fk` FOREIGN KEY (`user_id`) REFERENCES `users` (`id`)
) ENGINE=InnoDB DEFAULT CHARSET=utf8mb4 COLLATE=utf8mb4_unicode_ci;
/*!40101 SET character_set_client = @saved_cs_client */;

--
-- Dumping data for table `profiles`
--

LOCK TABLES `profiles` WRITE;
/*!40000 ALTER TABLE `profiles` DISABLE KEYS */;
INSERT INTO `profiles` VALUES (1,'M','Ufa','Russian Federation','2015-06-17 22:33:17','2013-05-16 11:26:26','2016-07-20'),(2,'M','Moscow','Russian Federation','2021-04-28 23:06:26','2020-10-17 17:12:38','2015-05-06'),(3,'M','Ufa','Russian Federation','2016-10-16 15:41:35','2021-01-16 00:03:55','2013-08-12'),(4,'M','Sankt-Petersberg','Russian Federation','2016-03-23 21:43:06','2015-11-27 21:12:13','2013-04-07'),(5,'M','Kazan','Russian Federation','2019-10-16 11:22:00','2015-03-04 00:53:10','2013-01-09'),(6,'F','Sankt-Petersberg','Russian Federation','2016-02-05 08:52:16','2020-06-29 00:55:25','2015-03-11'),(7,'F','Moscow','Russian Federation','2012-10-19 15:47:15','2019-04-20 19:21:38','2017-08-13'),(8,'F','Moscow','Russian Federation','2016-10-23 06:36:51','2011-07-27 02:59:58','2017-02-12'),(9,'F','Ufa','Russian Federation','2015-07-22 14:59:52','2018-02-25 01:56:52','2019-12-31'),(10,'F','Kazan','Russian Federation','2018-08-22 11:42:46','2013-08-09 07:43:59','2021-03-11'),(11,'M','Kazan','Russian Federation','2020-10-05 06:02:02','2020-01-13 22:12:46','2012-09-07'),(12,'F','Sankt-Petersberg','Russian Federation','2019-09-28 23:38:50','2015-07-24 00:02:55','2015-07-23'),(13,'F','Moscow','Russian Federation','2013-05-04 00:12:47','2011-09-18 20:49:35','2018-08-11'),(14,'M','Moscow','Russian Federation','2020-10-20 04:08:49','2015-03-31 00:45:17','2013-11-27'),(15,'F','Moscow','Russian Federation','2018-10-20 08:55:59','2017-10-21 22:33:11','2015-06-05'),(16,'F','Moscow','Russian Federation','2019-08-03 10:12:47','2015-03-06 03:28:18','2016-11-17'),(17,'M','Ufa','Russian Federation','2021-02-08 05:16:09','2014-11-19 18:01:25','2018-12-26'),(18,'F','Moscow','Russian Federation','2019-06-09 16:55:25','2016-02-09 17:45:47','2012-10-23'),(19,'M','Kazan','Russian Federation','2015-06-28 04:16:19','2020-10-04 17:20:08','2013-11-01'),(20,'M','Sankt-Petersberg','Russian Federation','2019-03-28 07:11:32','2012-12-19 05:38:21','2015-08-18'),(21,'F','Ufa','Russian Federation','2014-07-09 09:08:46','2018-09-18 18:13:57','2012-03-24'),(22,'M','Sankt-Petersberg','Russian Federation','2017-07-09 13:10:36','2014-07-07 14:33:40','2012-05-20'),(23,'M','Ufa','Russian Federation','2020-05-27 17:46:10','2013-04-16 19:23:45','2014-05-22'),(24,'M','Ufa','Russian Federation','2018-08-21 03:47:12','2020-07-15 22:57:33','2014-11-25'),(25,'F','Moscow','Russian Federation','2016-09-07 15:14:26','2016-09-06 20:48:46','2013-08-17'),(26,'F','Moscow','Russian Federation','2011-09-24 05:24:00','2016-12-10 23:10:50','2012-04-16'),(27,'F','Moscow','Russian Federation','2019-09-29 01:19:21','2015-10-17 02:57:01','2015-08-14'),(28,'M','Ufa','Russian Federation','2020-09-06 16:08:01','2014-01-30 09:05:45','2014-07-23'),(29,'M','Moscow','Russian Federation','2011-12-12 22:15:09','2013-10-10 12:52:56','2020-08-12'),(30,'F','Kazan','Russian Federation','2014-06-04 21:03:50','2016-11-01 14:23:26','2017-09-23'),(31,'F','Sankt-Petersberg','Russian Federation','2021-02-08 01:36:50','2014-10-01 14:42:51','2015-03-13'),(32,'M','Kazan','Russian Federation','2020-12-24 10:01:23','2014-03-07 13:55:34','2019-10-09'),(33,'M','Kazan','Russian Federation','2021-01-01 07:30:08','2015-11-25 02:40:24','2013-06-21'),(34,'F','Sankt-Petersberg','Russian Federation','2011-07-04 05:30:13','2015-01-24 08:06:56','2016-02-12'),(35,'F','Ufa','Russian Federation','2015-01-07 12:04:05','2012-05-18 11:38:33','2013-12-30'),(36,'M','Sankt-Petersberg','Russian Federation','2018-03-24 08:24:00','2020-07-19 19:12:09','2020-08-05'),(37,'F','Sankt-Petersberg','Russian Federation','2014-05-14 22:28:32','2019-09-30 07:05:32','2019-12-31'),(38,'M','Kazan','Russian Federation','2013-09-16 05:59:34','2013-03-10 20:47:30','2012-02-20'),(39,'M','Kazan','Russian Federation','2011-08-21 18:50:50','2021-02-12 00:43:26','2020-09-01'),(40,'M','Sankt-Petersberg','Russian Federation','2015-04-09 13:59:31','2018-12-06 06:30:16','2019-05-10'),(41,'M','Sankt-Petersberg','Russian Federation','2016-08-25 16:43:07','2017-08-27 07:35:20','2015-10-23'),(42,'M','Kazan','Russian Federation','2020-07-26 06:37:06','2011-10-20 21:19:10','2017-08-30'),(43,'F','Sankt-Petersberg','Russian Federation','2018-11-27 00:42:49','2016-04-15 13:07:56','2021-05-28'),(44,'M','Ufa','Russian Federation','2017-03-07 18:59:06','2018-11-29 04:32:24','2012-01-06'),(45,'M','Kazan','Russian Federation','2019-10-31 06:09:54','2020-02-17 04:33:56','2017-12-21'),(46,'F','Ufa','Russian Federation','2021-03-28 18:22:04','2014-01-11 00:45:05','2018-11-23'),(47,'F','Moscow','Russian Federation','2018-01-02 13:28:17','2018-09-02 01:26:00','2013-01-09'),(48,'F','Moscow','Russian Federation','2018-11-06 06:17:44','2014-11-25 09:30:13','2018-11-01'),(49,'F','Moscow','Russian Federation','2019-12-14 11:55:04','2018-08-11 14:52:28','2017-10-30'),(50,'M','Moscow','Russian Federation','2021-03-28 00:12:15','2019-02-27 23:26:10','2017-11-20'),(51,'F','Sankt-Petersberg','Russian Federation','2017-04-08 12:41:45','2017-03-06 11:29:15','2016-09-17'),(52,'F','Sankt-Petersberg','Russian Federation','2020-05-29 11:53:54','2015-02-04 23:36:03','2016-04-04'),(53,'F','Ufa','Russian Federation','2016-07-11 06:56:51','2016-04-05 20:17:47','2020-08-12'),(54,'F','Ufa','Russian Federation','2013-01-30 18:18:03','2015-01-16 11:07:04','2013-07-31'),(55,'M','Kazan','Russian Federation','2013-12-01 15:47:08','2012-10-19 09:28:39','2012-06-10'),(56,'F','Sankt-Petersberg','Russian Federation','2016-06-07 02:05:08','2012-12-30 05:18:39','2020-04-09'),(57,'M','Moscow','Russian Federation','2012-01-02 21:52:58','2020-11-18 04:28:23','2015-07-21'),(58,'F','Moscow','Russian Federation','2020-12-30 00:57:51','2017-05-24 17:32:17','2017-03-05'),(59,'F','Kazan','Russian Federation','2012-01-19 11:37:17','2014-06-20 22:54:12','2016-01-25'),(60,'F','Ufa','Russian Federation','2014-11-15 07:42:00','2019-01-14 13:11:09','2019-12-24'),(61,'M','Ufa','Russian Federation','2018-06-17 01:13:27','2013-02-21 14:12:08','2018-10-21'),(62,'M','Moscow','Russian Federation','2018-12-24 21:14:34','2014-10-20 07:31:01','2017-03-26'),(63,'M','Kazan','Russian Federation','2012-09-16 18:56:13','2017-07-18 01:23:02','2015-10-29'),(64,'F','Sankt-Petersberg','Russian Federation','2012-06-22 00:49:06','2016-06-02 00:31:12','2014-03-23'),(65,'M','Ufa','Russian Federation','2019-10-03 04:05:55','2015-04-10 20:01:36','2019-10-28'),(66,'M','Moscow','Russian Federation','2020-05-02 23:18:08','2016-10-08 19:10:04','2020-01-28'),(67,'F','Sankt-Petersberg','Russian Federation','2017-11-08 01:31:10','2013-04-24 05:08:10','2018-11-01'),(68,'F','Kazan','Russian Federation','2017-12-02 20:57:48','2015-08-01 19:39:46','2016-01-24'),(69,'M','Moscow','Russian Federation','2020-03-08 01:02:19','2018-11-15 07:40:23','2013-07-20'),(70,'M','Moscow','Russian Federation','2019-12-19 16:06:37','2018-01-09 06:17:04','2017-10-05'),(71,'M','Moscow','Russian Federation','2012-04-08 08:11:42','2018-11-13 06:18:12','2011-10-20'),(72,'F','Moscow','Russian Federation','2018-02-22 08:31:41','2015-12-18 08:15:35','2016-11-02'),(73,'M','Ufa','Russian Federation','2012-10-07 14:24:19','2019-03-26 07:26:25','2013-11-16'),(74,'M','Moscow','Russian Federation','2016-04-09 01:00:09','2019-04-30 00:08:55','2014-02-02'),(75,'F','Sankt-Petersberg','Russian Federation','2014-01-21 14:20:25','2015-06-26 08:51:00','2018-10-19'),(76,'F','Sankt-Petersberg','Russian Federation','2014-10-25 21:12:07','2012-01-31 08:57:42','2016-10-29'),(77,'F','Ufa','Russian Federation','2019-01-23 01:30:20','2018-02-01 00:02:24','2014-04-28'),(78,'M','Ufa','Russian Federation','2012-11-27 03:23:11','2015-01-24 21:50:54','2018-12-09'),(79,'M','Kazan','Russian Federation','2014-04-03 17:03:16','2019-04-01 04:56:10','2012-08-07'),(80,'F','Kazan','Russian Federation','2020-09-25 01:33:02','2018-12-22 02:25:31','2011-07-22'),(81,'M','Kazan','Russian Federation','2021-03-20 09:26:04','2012-12-16 09:54:36','2012-08-26'),(82,'M','Sankt-Petersberg','Russian Federation','2018-12-10 04:58:26','2013-06-13 07:12:21','2012-10-21'),(83,'F','Moscow','Russian Federation','2017-04-17 09:41:02','2017-06-23 09:58:05','2020-01-22'),(84,'F','Moscow','Russian Federation','2021-04-04 08:44:33','2014-07-26 10:33:29','2012-03-11'),(85,'F','Kazan','Russian Federation','2017-05-05 16:03:24','2017-01-31 13:56:07','2011-12-15'),(86,'F','Sankt-Petersberg','Russian Federation','2013-12-11 18:49:53','2018-11-21 22:00:13','2019-08-07'),(87,'F','Ufa','Russian Federation','2018-03-09 02:51:42','2016-02-18 03:31:41','2016-12-07'),(88,'F','Kazan','Russian Federation','2019-08-13 06:49:46','2016-08-04 13:32:03','2017-01-23'),(89,'M','Ufa','Russian Federation','2017-06-30 05:07:59','2018-12-08 08:55:47','2012-04-11'),(90,'M','Kazan','Russian Federation','2017-07-11 01:53:11','2015-11-26 02:06:08','2019-05-25'),(91,'M','Kazan','Russian Federation','2014-03-16 11:02:38','2014-04-10 12:53:45','2014-01-16'),(92,'F','Kazan','Russian Federation','2014-01-15 22:06:45','2019-12-07 09:56:38','2020-09-03'),(93,'M','Sankt-Petersberg','Russian Federation','2012-08-11 07:57:51','2014-05-22 02:46:49','2015-05-28'),(94,'F','Ufa','Russian Federation','2021-04-03 03:33:53','2015-12-08 10:06:12','2014-08-10'),(95,'F','Ufa','Russian Federation','2020-04-23 17:29:00','2014-12-28 07:43:49','2011-12-25'),(96,'F','Moscow','Russian Federation','2017-05-14 06:16:13','2019-03-01 17:49:38','2018-04-27'),(97,'F','Kazan','Russian Federation','2012-04-16 20:59:39','2016-02-18 00:14:49','2019-12-13'),(98,'F','Moscow','Russian Federation','2013-04-19 11:28:43','2016-03-01 10:57:03','2012-11-19'),(99,'M','Moscow','Russian Federation','2018-08-30 06:40:48','2016-12-27 01:30:16','2014-01-29'),(100,'M','Ufa','Russian Federation','2014-11-10 04:30:51','2019-08-15 22:56:15','2014-12-14');
/*!40000 ALTER TABLE `profiles` ENABLE KEYS */;
UNLOCK TABLES;

--
-- Table structure for table `reviews`
--

DROP TABLE IF EXISTS `reviews`;
/*!40101 SET @saved_cs_client     = @@character_set_client */;
/*!50503 SET character_set_client = utf8mb4 */;
CREATE TABLE `reviews` (
  `user_id` int unsigned NOT NULL COMMENT '╨б╤Б╤Л╨╗╨║╨░ ╨╜╨░ ╨┐╨╛╨╗╤М╨╖╨╛╨▓╨░╤В╨╡╨╗╤П ╨║╤В╨╛ ╨╛╤Б╤В╨░╨▓╨╕╨╗ ╨╛╤В╨╖╤Л╨▓',
  `review_user_id` int unsigned NOT NULL COMMENT '╨б╤Б╤Л╨╗╨║╨░ ╨╜╨░ ╨┐╨╛╨╗╤М╨╖╨╛╨▓╨░╤В╨╡╨╗╤П ╨║╨╛╨╝╤Г ╨╛╤Б╤В╨░╨▓╨╕╨╗╨╕ ╨╛╤В╨╖╤Л╨▓',
  `body` text CHARACTER SET utf8mb4 COLLATE utf8mb4_unicode_ci NOT NULL COMMENT ' ╨в╨╡╨║╤Б╤В ╨╛╤В╨╖╤Л╨▓╨░',
  `created_at` datetime DEFAULT CURRENT_TIMESTAMP COMMENT '╨Т╤А╨╡╨╝╤П ╤Б╨╛╨╖╨┤╨░╨╜╨╕╤П ╤Б╤В╤А╨╛╨║╨╕',
  `updated_at` datetime DEFAULT CURRENT_TIMESTAMP ON UPDATE CURRENT_TIMESTAMP COMMENT '╨Т╤А╨╡╨╝╤П ╨╛╨▒╨╜╨╛╨▓╨╗╨╡╨╜╨╕╤П ╤Б╤В╤А╨╛╨║╨╕',
  PRIMARY KEY (`user_id`,`review_user_id`) COMMENT '╨б╨╛╤Б╤В╨░╨▓╨╜╨╛╨╣ ╨┐╨╡╤А╨▓╨╕╤З╨╜╤Л╨╣ ╨║╨╗╤О╤З',
  KEY `reviews_review_user_id_fk` (`review_user_id`),
  CONSTRAINT `reviews_review_user_id_fk` FOREIGN KEY (`review_user_id`) REFERENCES `users` (`id`),
  CONSTRAINT `reviews_user_id_fk` FOREIGN KEY (`user_id`) REFERENCES `users` (`id`)
) ENGINE=InnoDB DEFAULT CHARSET=utf8mb4 COLLATE=utf8mb4_unicode_ci COMMENT='Отзывы на пользователя';
/*!40101 SET character_set_client = @saved_cs_client */;

--
-- Dumping data for table `reviews`
--

LOCK TABLES `reviews` WRITE;
/*!40000 ALTER TABLE `reviews` DISABLE KEYS */;
INSERT INTO `reviews` VALUES (3,98,'Quos rerum fuga placeat inventore. Ipsum autem quaerat asperiores ipsam dicta expedita voluptatem. Sed et tempore labore consequatur perferendis. Quod aut ad reiciendis blanditiis consequatur sunt.','2012-07-05 13:54:26','2021-05-23 00:52:27'),(5,45,'Eum rerum autem quia omnis aut. Unde aut ipsum ullam quia explicabo molestiae et. Nesciunt reiciendis sit maiores sed. Qui laboriosam velit et aspernatur ea alias qui. Culpa dignissimos magni quaerat laborum voluptate.','2012-06-22 20:54:59','2021-05-23 00:52:27'),(5,48,'Earum esse totam eos totam. Est earum et et eum qui fugit. Nihil quod facere rerum voluptatem esse laboriosam expedita.','2015-03-05 03:37:25','2021-05-23 00:52:27'),(10,83,'Tenetur consequuntur consequatur et est. Minima porro laudantium est sequi et non. Distinctio saepe quia occaecati iure minus pariatur illo et. Expedita tempora iste quos dolore nobis iste voluptate.','2016-09-28 19:29:59','2021-05-23 00:52:27'),(12,42,'Assumenda earum nemo est. Reprehenderit voluptatem modi nihil iure dicta non aut. Maiores ut est similique odit molestias. Placeat nihil rerum possimus est.','2020-03-06 19:49:49','2021-05-23 00:52:27'),(12,78,'Et aut esse adipisci maxime sit odit. Maxime sit eum saepe repellendus tempora ipsum ipsum. Voluptas quia aut deserunt.','2013-06-26 00:36:18','2021-05-23 00:52:27'),(13,56,'Harum fugiat excepturi ad qui. Ea libero est ab quisquam qui. Assumenda eum ducimus sunt sed.','2021-01-04 05:30:44','2021-05-23 00:52:27'),(13,77,'Veritatis eaque sint repudiandae omnis nulla. A expedita quis ea autem molestiae et. Velit velit et ducimus voluptas.','2017-08-02 05:33:43','2021-05-23 00:52:27'),(15,49,'Perferendis totam dolorem quos vitae cum. Velit vero labore sint et. Ut aut quasi ea velit ut. Impedit voluptas sapiente adipisci omnis.','2018-10-14 11:24:01','2021-05-23 00:52:27'),(18,37,'Veniam nemo reiciendis autem ab quasi. Est sunt dicta nihil commodi quia. Vel a accusantium quia minus et placeat.','2014-09-16 13:47:10','2021-05-23 00:52:27'),(18,54,'Impedit aperiam ipsam blanditiis itaque ad consequatur explicabo. Facere aut suscipit fugiat doloribus dicta asperiores. Corrupti voluptatem quo unde.','2020-01-09 22:40:02','2021-05-23 00:52:27'),(18,77,'Et cumque autem dolores dicta voluptas. Fugit facilis itaque aperiam. Recusandae ut ut repellat molestias officia sunt. Cumque praesentium maiores sed eos fugit.','2020-12-21 08:10:08','2021-05-23 00:52:27'),(22,58,'Occaecati eum ex consequuntur ducimus sit. Officiis magnam quis quas voluptas facilis. Reiciendis eum earum ut neque molestias odit autem.','2020-01-28 01:52:07','2021-05-23 00:52:27'),(23,28,'Impedit quasi dolor aut ab. Nam consequatur id eveniet quos. Voluptatem quia nostrum quaerat ipsa quis voluptatem.','2017-03-06 17:30:29','2021-05-23 00:52:27'),(25,2,'Quia repellendus fuga molestiae natus cupiditate voluptatem. Voluptatem quia autem blanditiis voluptatem facilis et. Sit ut dolores dolorem sed corrupti exercitationem aperiam.','2016-02-11 16:11:39','2021-05-23 00:52:27'),(25,39,'Debitis iusto occaecati sed ab quod quidem eius dolorem. Minus eius a quia rerum veritatis. Blanditiis quasi enim veniam ut sed.','2015-09-18 09:39:55','2021-05-23 00:52:27'),(25,65,'Velit recusandae quia facilis quia doloremque veritatis. Amet voluptate officia sapiente doloribus eaque consequatur. Aliquid et aut praesentium autem quis aut.','2018-08-24 05:53:04','2021-05-23 00:52:27'),(26,90,'Sit et corporis quia et veniam. Suscipit et quibusdam officiis sed tempora. Ipsa ab odit sint repudiandae. Quis et est molestiae tenetur aliquid iusto ad.','2014-05-02 11:02:32','2021-05-23 00:52:27'),(28,45,'Debitis a labore impedit. Velit praesentium asperiores laboriosam natus facilis impedit. Ullam quis aut dicta repellat.','2013-03-30 04:41:45','2021-05-23 00:52:27'),(29,53,'Eligendi est doloribus odit quia numquam fugiat. Accusamus odio est ut assumenda quia sit. Qui corporis totam sit modi exercitationem illo dolor. Quibusdam non provident omnis pariatur ducimus et et repellendus.','2020-10-04 00:43:55','2021-05-23 00:52:27'),(30,31,'Impedit sit quis adipisci cum. Ipsam ad pariatur a reiciendis. Sunt quibusdam incidunt alias nulla voluptate quaerat.','2013-06-11 00:57:25','2021-05-23 00:52:27'),(32,86,'Est reprehenderit eligendi enim et. Architecto sit amet itaque aspernatur quod. Sapiente quos aut quia consequuntur doloremque.','2014-10-14 19:07:59','2021-05-23 00:52:27'),(32,96,'Id consequatur facilis ut ut. Aliquid et vitae sunt ad ipsum ad. Quidem tempore maiores perferendis ducimus est adipisci et id. Dignissimos consequuntur consequatur ipsum voluptatem rerum.','2013-02-20 21:32:45','2021-05-23 00:52:27'),(34,41,'Est qui id enim ullam nihil ea velit. Et quibusdam consectetur non quae quae ipsam dicta reprehenderit. Eius dolorem architecto corporis numquam. Distinctio quod aperiam sequi doloremque illum.','2012-01-13 10:23:13','2021-05-23 00:52:27'),(36,45,'Quam soluta et doloremque voluptas magnam ea. Odio aut qui ipsum debitis error quis asperiores. Enim quaerat provident ut quia impedit magnam perferendis. Est a qui nemo architecto atque delectus.','2019-06-11 21:02:48','2021-05-23 00:52:27'),(37,4,'Corporis nobis reiciendis asperiores repellat provident beatae. Dolorem numquam occaecati id eveniet aspernatur dolore consequatur fugit. Voluptatem et delectus dolorem quidem cupiditate molestiae repellat autem.','2016-09-09 23:55:12','2021-05-23 00:52:27'),(38,85,'Sit placeat sed molestiae sapiente praesentium. Sit tempora a nemo sint illum qui aliquid. Ut blanditiis aut aut magnam maxime qui. Rerum eius velit nesciunt aliquid commodi voluptas debitis.','2017-08-17 13:05:37','2021-05-23 00:52:27'),(39,10,'Delectus et quia debitis harum. Quam dolores explicabo ut ea doloremque. Id aliquid rerum consequatur ut optio adipisci nihil.','2021-01-26 20:34:35','2021-05-23 00:52:27'),(39,97,'Quis rerum exercitationem et expedita animi quo. Quo cupiditate consequatur adipisci aut. Quia consequatur iure consequatur impedit quisquam recusandae architecto. A asperiores distinctio numquam distinctio quas consequatur. Neque in officiis nam.','2013-10-11 22:13:17','2021-05-23 00:52:27'),(41,53,'Rerum at error sint nihil alias aut aliquid. Eos aut rerum sint sunt eligendi ratione possimus. Qui expedita sit esse vel non similique rerum.','2019-03-07 21:46:25','2021-05-23 00:52:27'),(42,76,'Earum veritatis ea facilis velit. Non velit magni laudantium non nisi optio. Cumque accusantium fugiat natus laborum.','2014-09-07 05:20:19','2021-05-23 00:52:27'),(43,17,'Ut quod doloribus iusto saepe commodi dicta. Mollitia aut qui vero sint fugit. Ut autem qui alias consectetur. Qui rerum dignissimos necessitatibus expedita sunt ut debitis.','2011-11-02 20:56:29','2021-05-23 00:52:27'),(44,57,'Id ratione itaque aut. Expedita distinctio mollitia voluptatem culpa.','2016-09-29 10:22:52','2021-05-23 00:52:27'),(46,36,'Voluptate qui vel eaque repudiandae aut. Dolores eum culpa accusantium a quia. Laudantium aut vel doloremque voluptatum dolores. Deserunt voluptas asperiores repellendus. Odit qui enim quia.','2014-02-15 06:59:55','2021-05-23 00:52:17'),(47,8,'Impedit ducimus sunt consectetur. Voluptas earum beatae expedita aperiam. Est sequi rerum optio odio fuga laboriosam autem. Laborum blanditiis omnis est beatae et odit.','2019-01-18 01:06:42','2021-05-23 00:52:27'),(48,31,'Quia qui quia possimus consectetur est. Vero aut rerum consequatur laboriosam velit adipisci voluptas officiis. Cum dolor ad reiciendis consequuntur enim ratione. Alias molestiae qui quia quidem consequatur incidunt.','2015-07-26 07:26:39','2021-05-23 00:52:27'),(49,31,'Consequuntur sed est sed aut aut. Totam non recusandae illum est qui ducimus. Dolores corporis hic nulla aut veniam quo.','2018-10-04 02:11:18','2021-05-23 00:52:27'),(49,61,'Rerum fugit in dolore nihil vel ab. Repudiandae non esse officiis non. Veniam ipsam cum odit quibusdam quos voluptate voluptate. Expedita sed in quia iusto vel possimus maiores. Praesentium voluptatem dolor amet aperiam harum non est.','2015-05-19 04:28:18','2021-05-23 00:52:27'),(50,12,'Ut accusamus architecto perferendis nobis qui totam. Quia est vel voluptatibus quibusdam. Quia deleniti incidunt nemo. In minus doloribus dolore dolor accusamus.','2017-03-28 21:42:16','2021-05-23 00:52:27'),(52,77,'Eum beatae aut rerum alias rem. Officia et ea quaerat velit ipsum est. Sunt iusto expedita alias. Non nostrum quidem dolor ducimus voluptate.','2013-07-18 14:26:57','2021-05-23 00:52:27'),(53,15,'Ullam laudantium delectus dolorum ut. Officia perspiciatis ratione iusto ab. Ut eligendi est ut. Doloribus asperiores quis rerum aliquid quod laudantium debitis.','2014-02-01 20:18:18','2021-05-23 00:52:27'),(53,50,'Amet sed cupiditate laudantium necessitatibus minima asperiores provident. Adipisci eum est dolores voluptate culpa omnis dolores assumenda. Eum perferendis ipsum molestiae quaerat rerum in. Repudiandae asperiores rerum quas minus et ut. Minus omnis ut ut voluptas doloremque.','2017-06-25 20:07:59','2021-05-23 00:52:27'),(55,26,'Quia nihil ratione quidem voluptatem est. Nesciunt alias sint et quibusdam rerum. Hic sunt soluta modi temporibus dicta molestiae accusantium.','2016-08-26 13:56:08','2021-05-23 00:52:27'),(56,85,'Animi enim quas unde quia vero. Eum alias et dolorum ipsam est dolorem facere. Possimus ex asperiores excepturi accusantium expedita.','2015-05-21 12:25:51','2021-05-23 00:52:27'),(57,48,'Eum velit sed facilis dolorem doloribus necessitatibus. Neque accusamus architecto consequatur ut sapiente porro. Qui dolorem in esse illo dignissimos ut consequatur. Quia velit quod tempora illo quia. Veritatis sapiente soluta et.','2013-11-17 01:05:17','2021-05-23 00:52:27'),(58,76,'Expedita voluptatem eaque odit quidem. Quia doloremque ut quisquam voluptatem atque sed. Ut cumque sunt corporis corrupti dolor eum.','2018-12-01 15:08:13','2021-05-23 00:52:27'),(58,84,'Omnis et natus et veniam sint accusamus. Blanditiis sapiente sed accusamus beatae eos. Incidunt laboriosam voluptatem quia.','2018-07-16 03:32:05','2021-05-23 00:52:27'),(60,28,'A sint quibusdam laborum ea quae repudiandae voluptas. Laboriosam est et ab laboriosam cumque voluptates esse. Quam similique ipsam illo unde cupiditate cupiditate qui.','2012-04-05 23:23:35','2021-05-23 00:52:27'),(61,12,'Architecto voluptates in veritatis alias. Ex cupiditate in qui vel. Iste ut nulla ad quas vero ex pariatur. Accusantium quia similique quae est aut aut.','2013-09-09 09:38:42','2021-05-23 00:52:27'),(62,75,'Sed necessitatibus sapiente officia magnam tempore debitis. Exercitationem quis est dolor tempore aliquid aliquam nihil. Tenetur sunt et nemo provident harum molestiae veritatis.','2015-12-17 23:47:17','2021-05-23 00:52:27'),(63,36,'Praesentium id et nihil pariatur. Nesciunt sint cupiditate ad labore. Libero dicta mollitia ut doloribus iure architecto. Consectetur architecto officia velit.','2013-07-24 01:46:56','2021-05-23 00:52:27'),(63,57,'Dolorem aperiam est quae sed asperiores quo quo. Adipisci animi id omnis aut beatae libero.','2012-04-12 14:12:19','2021-05-23 00:52:27'),(65,7,'Officiis voluptate eum velit omnis dolorem. Reiciendis id provident velit laudantium. Architecto sit eveniet facilis fugit necessitatibus quam dolores.','2014-09-12 21:42:48','2021-05-23 00:52:27'),(65,76,'Quibusdam rerum exercitationem deserunt dolores cumque. Non aspernatur molestiae ab quasi fugiat.','2018-02-10 02:55:24','2021-05-23 00:52:17'),(67,9,'Exercitationem nihil amet sed labore nulla vel quisquam dolorem. Enim voluptates aut eum nobis totam quis esse ut. Fugiat omnis amet voluptate eum nihil commodi.','2013-06-05 13:25:47','2021-05-23 00:52:27'),(67,20,'Corrupti ut odio earum id rerum alias veritatis illum. Est ea reiciendis inventore omnis. Doloribus voluptatibus officiis ut laudantium.','2018-04-13 07:22:46','2021-05-23 00:52:27'),(68,76,'Consequatur aut quo ullam ea nihil doloribus quod. Sed velit reiciendis consectetur repudiandae esse. Qui illo assumenda nesciunt voluptatem enim velit ipsum. Minus aut enim quo repellat.','2012-03-06 09:18:34','2021-05-23 00:52:27'),(69,17,'Neque enim molestiae fuga distinctio totam ullam. Hic ullam debitis ipsam vero ut. Mollitia et ut suscipit facere sit accusantium quod veniam.','2017-04-03 06:49:34','2021-05-23 00:52:27'),(70,27,'Dolore eum repudiandae quia quis explicabo consequuntur. Quibusdam minima nostrum odit atque dolorem error. Quisquam explicabo laudantium repellendus cumque recusandae sed eius sapiente. Fugit distinctio similique quisquam tenetur voluptates.','2017-12-05 00:03:09','2021-05-23 00:52:27'),(70,56,'Sed iusto placeat aut dignissimos et quasi repellendus. Cumque natus quia quibusdam quo ut doloribus excepturi cumque. Iste error assumenda beatae. Atque laudantium omnis quas velit.','2012-01-17 08:15:06','2021-05-23 00:52:27'),(71,70,'Qui necessitatibus incidunt deserunt est corporis eligendi. Eligendi id earum voluptates alias nobis alias consequatur. Et consequatur vero nesciunt rerum in ut necessitatibus.','2015-06-07 20:11:55','2021-05-23 00:52:27'),(73,66,'Pariatur et exercitationem ut facere itaque reiciendis et. Illum aut quo laboriosam maiores. Et quia minima iste perspiciatis. Quasi possimus ipsam distinctio et.','2021-01-19 20:55:29','2021-05-23 00:52:27'),(76,20,'Porro ut adipisci voluptate illum rerum quia aliquam quis. Nihil repellendus velit nobis nihil minima. Sed dignissimos ad necessitatibus ex adipisci.','2015-05-12 04:13:59','2021-05-23 00:52:27'),(78,2,'Excepturi adipisci est quo omnis reiciendis accusantium. Ea voluptatem omnis suscipit ab vitae sequi. Tempore perferendis quasi et.','2014-09-26 20:39:21','2021-05-23 00:52:27'),(79,44,'Consequatur fuga dolores optio esse nihil dignissimos. Inventore vel et eum non quaerat harum id. Sint saepe dolore doloremque reiciendis nam dolorem laborum.','2017-03-06 12:04:17','2021-05-23 00:52:27'),(79,50,'Modi vitae nam officia ut rerum laboriosam. Deleniti fugiat mollitia magnam omnis. Illum voluptates eum non impedit perspiciatis quia qui qui.','2012-10-08 10:44:56','2021-05-23 00:52:27'),(80,5,'Corporis est ut qui qui aut est libero. Aut veniam cupiditate veniam fugit error. Veritatis dolores aut maiores iusto cumque et. Alias occaecati aliquam sit dolor quia voluptas.','2021-02-03 02:17:25','2021-05-23 00:52:27'),(80,23,'Cumque est quo perspiciatis ipsa eum nihil nostrum. Qui sit blanditiis ullam eaque aliquam in repudiandae. Corporis in doloribus iure aut.','2012-10-26 07:24:11','2021-05-23 00:52:27'),(80,67,'Delectus occaecati odit delectus in et molestiae. Minus optio tempore in ea et. Est incidunt quia explicabo consequatur ex aperiam.','2015-12-24 16:36:11','2021-05-23 00:52:27'),(81,18,'Sint sed ratione iure. Sed rerum sit quia et voluptatibus architecto. Autem exercitationem nostrum consequatur. Omnis occaecati voluptate non doloribus dolores magni voluptates assumenda. A nobis voluptate mollitia et maxime.','2014-12-25 22:31:42','2021-05-23 00:52:27'),(81,40,'Id molestiae tenetur quidem nobis deleniti. Nihil est molestiae numquam est repudiandae facere. Maxime ut ullam dolore optio ducimus soluta. Et quo et officia corrupti deserunt mollitia.','2014-10-31 06:37:44','2021-05-23 00:52:27'),(81,97,'Voluptatem ut quod consequatur explicabo laboriosam omnis quibusdam. Sint soluta minima qui consectetur est accusamus ad.','2013-06-27 01:04:22','2021-05-23 00:52:27'),(81,99,'Culpa aspernatur repudiandae est inventore consequatur culpa facilis. Qui inventore earum nemo omnis. Tempore quasi eius non velit.','2021-03-11 13:53:04','2021-05-23 00:52:27'),(82,4,'Incidunt asperiores quae harum vel et enim. Quia magnam tempora dignissimos maxime. Occaecati quaerat accusamus et velit quisquam quas.','2015-04-15 20:22:47','2021-05-23 00:52:27'),(83,70,'Est ipsa voluptas minima enim atque aut. Et porro sed tempora libero in velit expedita. Quae totam nam vero. Et enim deserunt aut quia optio velit nobis minus.','2015-03-04 19:20:41','2021-05-23 00:52:27'),(83,96,'Alias ut dolorem laboriosam delectus cumque rem. Qui laboriosam necessitatibus corporis et est. Commodi libero aperiam incidunt repudiandae. Explicabo fugiat eum repudiandae et alias.','2014-03-26 18:54:18','2021-05-23 00:52:27'),(84,62,'Quae nisi repellendus explicabo praesentium voluptates facere vel laudantium. Ut debitis magni et voluptas rem exercitationem quod. Fugit et quis magni unde.','2016-05-06 07:15:01','2021-05-23 00:52:27'),(85,11,'Eaque debitis facilis rerum adipisci autem quisquam earum. Voluptate iste ut quis modi pariatur. Unde nemo assumenda nemo rerum quas cumque architecto. Aut dicta esse voluptatem et culpa deleniti blanditiis.','2019-02-16 14:02:00','2021-05-23 00:52:27'),(85,100,'Quae error rerum necessitatibus non natus inventore dolore rem. Qui libero aut non provident quia. Qui in quod occaecati suscipit explicabo dolore error. Error facere ducimus omnis beatae qui sit sapiente.','2017-12-31 15:32:39','2021-05-23 00:52:27'),(87,54,'Sit qui et necessitatibus iusto. Excepturi ipsum et nam repellat officiis non consequatur. Dolorem et culpa qui voluptas.','2019-07-15 15:34:24','2021-05-23 00:52:27'),(88,38,'Earum culpa ut qui nostrum. Laudantium mollitia magni rerum qui dolor voluptatem dolores. Sit a quia recusandae quia nesciunt temporibus distinctio. Quo id eligendi commodi rerum est.','2016-06-21 08:16:50','2021-05-23 00:52:27'),(91,1,'Vero dicta error neque consequatur repellendus ratione eos quos. Quis ad magnam nesciunt sit rerum sequi et quae. Tenetur aut in maxime distinctio exercitationem est sit consequuntur. In labore autem veritatis.','2021-02-13 11:13:48','2021-05-23 00:52:27'),(91,16,'Omnis laboriosam labore consectetur dolorum dolorem. Rerum possimus et aliquid debitis sit laudantium velit. Saepe vel aliquam qui natus. Ut dolores voluptas iste eos. Maiores provident adipisci soluta dolorum qui eligendi.','2017-03-02 20:52:50','2021-05-23 00:52:27'),(91,26,'Minima corrupti aliquid vero et fugit. Et deserunt tempore aut laboriosam. Quae a tempora consequatur non.','2019-06-24 09:24:25','2021-05-23 00:52:27'),(91,56,'Dolorem eveniet quaerat esse impedit. Qui ipsa quia inventore accusantium quos. Quo quo natus et voluptatem.','2014-08-19 20:33:24','2021-05-23 00:52:27'),(92,25,'Tenetur quia voluptas amet quos non unde. Porro optio sit fugiat in porro officiis qui. Voluptatum facilis autem numquam omnis. Dolorem voluptas sit atque voluptatem fugit fugiat et.','2021-01-24 18:29:46','2021-05-23 00:52:27'),(92,79,'Labore modi assumenda accusantium consequatur dolor voluptates labore. Iste eos aliquam enim blanditiis omnis velit facere ipsa. Libero architecto dolor sed repudiandae occaecati ad eos. Minima exercitationem et nam ut labore sit odit.','2016-12-09 00:08:37','2021-05-23 00:52:27'),(92,88,'Suscipit ut aliquam repudiandae quisquam assumenda vel saepe ut. Officiis enim sint minus beatae qui aliquid. A adipisci explicabo autem nulla.','2014-09-27 10:00:25','2021-05-23 00:52:27'),(94,50,'Nam aut debitis totam incidunt. Ut dicta autem esse harum sit. Amet quis perspiciatis fuga maxime alias.','2021-01-25 21:01:11','2021-05-23 00:52:27'),(94,63,'Qui nam quos culpa distinctio. Iusto similique voluptas rerum ipsam. Et voluptatibus expedita veniam similique at. Aut maiores odit ipsum dolore ipsa.','2016-05-08 21:20:35','2021-05-23 00:52:27'),(95,59,'Voluptatum rerum corporis id iste. Fugiat quo repellat consequatur et quaerat autem maiores animi. Voluptas nostrum autem molestiae deleniti quo mollitia cum animi.','2012-01-14 14:01:42','2021-05-23 00:52:27'),(96,48,'Ea qui quo eum. Quia earum aliquam eum pariatur. Maxime fugit ipsam temporibus veritatis. Rem cum autem incidunt eaque.','2019-03-27 13:21:25','2021-05-23 00:52:27'),(96,61,'Error praesentium maiores voluptas tempora. Expedita molestias eos impedit distinctio veritatis eveniet ducimus. Reprehenderit alias aperiam minima non.','2018-08-09 09:33:47','2021-05-23 00:52:27'),(97,24,'Fugit dignissimos repudiandae dolores autem temporibus. Sint alias aut aliquid eos quis. Nulla quis odit nisi pariatur facere aut et. Dolorem consequatur enim dignissimos voluptatem.','2019-03-19 23:32:07','2021-05-23 00:52:27'),(97,33,'Ab tempore deleniti quisquam qui amet exercitationem. Vel voluptatem adipisci harum. Sit doloribus perferendis optio eveniet occaecati provident.','2015-04-24 00:02:22','2021-05-23 00:52:27'),(97,62,'Sequi commodi provident quo ratione ex eius fugit. Sed quia neque vero fuga. Ea blanditiis porro animi natus soluta sed exercitationem aut. Modi rerum quia accusantium illum non.','2013-09-25 11:37:00','2021-05-23 00:52:27'),(98,73,'Qui quia consequatur atque sint mollitia. Modi illum consequatur reiciendis ipsa assumenda. Eaque vitae in impedit vitae animi incidunt.','2019-11-10 01:33:24','2021-05-23 00:52:27'),(98,95,'Dignissimos eveniet deserunt officia tenetur placeat voluptas. Aut quasi voluptatem in pariatur magnam ipsum. Ipsam ratione quis a impedit quidem ut doloremque. Qui est mollitia esse eos soluta.','2021-01-29 05:43:32','2021-05-23 00:52:27'),(99,82,'Nihil atque ea perferendis aspernatur qui quidem et. Et omnis ut nemo nihil possimus et officiis est. Saepe consequuntur voluptates voluptatem sed. Sunt error voluptate quas.','2017-03-04 20:47:36','2021-05-23 00:52:27'),(100,91,'Earum unde hic ut qui laborum atque nemo. Quos omnis deserunt a est. Enim dicta nesciunt et mollitia.','2012-04-02 11:46:18','2021-05-23 00:52:27');
/*!40000 ALTER TABLE `reviews` ENABLE KEYS */;
UNLOCK TABLES;

--
-- Temporary view structure for view `user_company`
--

DROP TABLE IF EXISTS `user_company`;
/*!50001 DROP VIEW IF EXISTS `user_company`*/;
SET @saved_cs_client     = @@character_set_client;
/*!50503 SET character_set_client = utf8mb4 */;
/*!50001 CREATE VIEW `user_company` AS SELECT 
 1 AS `first_name`,
 1 AS `last_name`,
 1 AS `company_id`,
 1 AS `name_company`*/;
SET character_set_client = @saved_cs_client;

--
-- Table structure for table `users`
--

DROP TABLE IF EXISTS `users`;
/*!40101 SET @saved_cs_client     = @@character_set_client */;
/*!50503 SET character_set_client = utf8mb4 */;
CREATE TABLE `users` (
  `id` int unsigned NOT NULL AUTO_INCREMENT,
  `first_name` varchar(150) CHARACTER SET utf8mb4 COLLATE utf8mb4_unicode_ci NOT NULL,
  `last_name` varchar(150) CHARACTER SET utf8mb4 COLLATE utf8mb4_unicode_ci NOT NULL,
  `email` varchar(150) CHARACTER SET utf8mb4 COLLATE utf8mb4_unicode_ci NOT NULL,
  `phone` varchar(30) CHARACTER SET utf8mb4 COLLATE utf8mb4_unicode_ci NOT NULL,
  `user_status_id` int unsigned NOT NULL COMMENT '╨б╤Б╤Л╨╗╨║╨░ ╨╜╨░ ╤Б╤В╨░╤В╤Г╤Б',
  `created_at` datetime DEFAULT CURRENT_TIMESTAMP COMMENT '╨Т╤А╨╡╨╝╤П ╤Б╨╛╨╖╨┤╨░╨╜╨╕╤П ╤Б╤В╤А╨╛╨║╨╕',
  `updated_at` datetime DEFAULT CURRENT_TIMESTAMP ON UPDATE CURRENT_TIMESTAMP COMMENT '╨Т╤А╨╡╨╝╤П ╨╛╨▒╨╜╨╛╨▓╨╗╨╡╨╜╨╕╤П ╤Б╤В╤А╨╛╨║╨╕',
  PRIMARY KEY (`id`),
  UNIQUE KEY `email` (`email`),
  UNIQUE KEY `phone` (`phone`),
  KEY `user_user_status_id_fk` (`user_status_id`),
  CONSTRAINT `user_user_status_id_fk` FOREIGN KEY (`user_status_id`) REFERENCES `users_status` (`id`)
) ENGINE=InnoDB AUTO_INCREMENT=101 DEFAULT CHARSET=utf8mb4 COLLATE=utf8mb4_unicode_ci;
/*!40101 SET character_set_client = @saved_cs_client */;

--
-- Dumping data for table `users`
--

LOCK TABLES `users` WRITE;
/*!40000 ALTER TABLE `users` DISABLE KEYS */;
INSERT INTO `users` VALUES (1,'Floy','Schowalter','margarett77@gmail.com','(767)556-7055x022',1,'2014-04-12 03:31:14','2020-01-20 07:20:11'),(2,'Leda','Pfannerstill','pouros.vincenzo@gmail.com','1-638-677-7001',2,'2019-10-18 14:21:09','2018-05-06 21:56:59'),(3,'Jackeline','Hand','chandler.dare@gmail.com','(395)196-5416',3,'2013-11-24 00:42:20','2017-07-24 18:42:31'),(4,'Jalen','Sawayn','kdicki@yahoo.com','(759)953-8436x550',1,'2017-07-01 20:24:22','2016-05-08 03:17:51'),(5,'Paris','Lemke','goodwin.gail@gmail.com','(862)658-8406x047',2,'2012-05-24 10:39:40','2015-10-18 02:49:07'),(6,'Walker','Swift','pbailey@sauerhermann.com','+66(9)9560568522',3,'2015-04-27 22:14:18','2013-09-16 04:43:11'),(7,'Fred','Auer','rolando.ritchie@hotmail.com','1-192-688-9318',1,'2016-10-17 00:11:51','2014-05-19 04:34:19'),(8,'Charlotte','Yundt','fahey.kelley@hotmail.com','152.205.7736',2,'2015-11-16 02:30:10','2012-08-13 07:34:13'),(9,'Brant','Runolfsson','gdaniel@gmail.com','1-039-608-0280x991',3,'2020-03-23 10:53:18','2013-08-26 22:04:26'),(10,'Edwina','Grady','jwyman@reilly.net','+25(6)7944173702',1,'2013-05-03 20:34:53','2018-11-23 15:44:00'),(11,'Dulce','Auer','howe.florencio@hotmail.com','569-400-1967',2,'2020-03-11 06:26:41','2019-11-30 15:22:20'),(12,'Raheem','Kuhic','patrick84@hotmail.com','(257)980-1305x53397',3,'2020-06-13 10:14:04','2012-07-24 11:09:29'),(13,'Myles','Murray','sgoodwin@hotmail.com','552.301.7394x716',1,'2020-05-27 00:36:38','2016-01-13 06:07:50'),(14,'Nicholaus','Kulas','jones.erick@hotmail.com','960-335-8605',2,'2012-10-31 10:00:22','2016-03-31 12:23:22'),(15,'Trisha','Swaniawski','nathaniel00@yahoo.com','01036530413',3,'2015-10-07 22:46:34','2021-03-11 23:46:15'),(16,'Roxanne','Konopelski','so\'keefe@gmail.com','168-290-9495',1,'2017-06-22 00:26:16','2014-08-08 11:27:42'),(17,'Imani','Brown','zcrist@yahoo.com','05328494171',2,'2016-10-21 22:03:24','2016-01-15 15:23:54'),(18,'Sidney','Kuvalis','ansel31@zulauf.biz','532-611-5888x72124',3,'2012-11-08 00:08:13','2015-10-22 09:58:55'),(19,'Tito','Reinger','tod57@yahoo.com','227.947.0441x7877',1,'2018-10-27 15:45:39','2015-10-17 09:31:16'),(20,'Tierra','Davis','alverta66@simonis.com','1-092-412-6079x039',2,'2017-12-21 10:30:28','2012-08-04 09:55:42'),(21,'Jalon','Kessler','bella.reinger@kassulke.com','397.777.4185',3,'2018-01-30 04:32:45','2018-09-06 06:20:48'),(22,'Maurice','Kilback','emely39@gmail.com','1-172-188-9901',1,'2019-09-16 05:20:40','2021-03-03 12:26:32'),(23,'Dedrick','Lehner','retha.vonrueden@hotmail.com','989-048-6284x349',2,'2019-04-29 20:31:12','2015-05-01 13:36:13'),(24,'Myra','Ryan','cesar47@mosciski.com','528.389.2996x31100',3,'2020-11-01 00:20:07','2019-12-31 15:28:21'),(25,'Reymundo','Stroman','vaughn98@gmail.com','589-255-8361x6009',1,'2014-12-23 02:02:46','2019-10-14 05:24:28'),(26,'Antonio','Eichmann','sterling95@hotmail.com','557.958.3069x250',2,'2015-11-27 08:07:26','2018-04-17 23:36:59'),(27,'Raheem','Schumm','leola58@hotmail.com','1-928-032-8751x4553',3,'2013-07-05 05:58:50','2015-12-23 08:54:18'),(28,'Lottie','Leannon','danika.moore@braun.biz','(391)661-3052x9200',1,'2013-08-28 01:56:04','2019-03-29 23:01:26'),(29,'Hertha','Auer','blanca15@hotmail.com','(178)779-2795',2,'2011-12-02 04:00:59','2016-11-13 17:03:57'),(30,'Noemy','Bernhard','skuvalis@cummings.com','(839)923-6459x889',3,'2018-03-10 02:06:02','2012-01-27 07:18:43'),(31,'Kaleb','Fisher','johnny89@hotmail.com','969-244-2074',1,'2021-01-20 04:15:17','2016-06-15 03:31:47'),(32,'Evangeline','Ruecker','oberbrunner.johathan@yahoo.com','(814)953-3336',2,'2021-04-16 13:13:41','2012-08-25 03:39:05'),(33,'Lucie','Hodkiewicz','murazik.noe@mcglynn.com','(038)513-5837',3,'2014-08-07 19:18:56','2021-03-11 20:14:55'),(34,'Murphy','Langworth','vivien48@yahoo.com','806.960.2569',1,'2016-01-04 21:39:24','2012-02-17 23:48:47'),(35,'Lorenza','Heller','crolfson@schmitt.info','1-586-255-7875',2,'2016-07-18 10:20:59','2012-04-29 17:13:33'),(36,'Concepcion','Hagenes','terry.sandra@schamberger.com','863.614.6758',3,'2017-08-16 13:44:57','2018-08-13 19:06:34'),(37,'Seth','Cassin','douglas.mcglynn@gmail.com','(651)635-8198x24331',1,'2012-05-15 10:12:36','2017-04-06 00:54:20'),(38,'Annie','Nolan','buckridge.lesly@yahoo.com','1-870-598-2112x654',2,'2015-05-08 05:32:03','2012-06-28 13:27:43'),(39,'Kaya','Beier','lfritsch@carroll.com','(680)280-6906x61711',3,'2017-06-21 13:17:52','2020-12-17 18:13:24'),(40,'Leon','Simonis','alfred.conn@yahoo.com','343.334.2011x563',1,'2015-01-09 21:34:13','2012-09-10 15:07:14'),(41,'Carlie','Pacocha','bskiles@raynor.com','(509)695-9591',2,'2012-06-30 19:13:50','2016-05-14 08:38:06'),(42,'Ruby','Ortiz','lurline23@windler.com','(951)012-3550x59679',3,'2017-07-25 13:00:45','2011-05-27 03:09:47'),(43,'Israel','DuBuque','wkassulke@daughertywill.com','+65(5)2462995601',1,'2017-10-16 20:05:05','2018-05-17 18:36:25'),(44,'Fletcher','Ward','isabell.cartwright@yundt.com','+42(2)6478261216',2,'2017-11-29 13:40:28','2013-02-03 20:44:23'),(45,'Jana','Braun','mcclure.chandler@gmail.com','1-958-023-7095x3867',3,'2012-05-16 17:42:38','2012-04-03 17:33:19'),(46,'Mable','Donnelly','collins.paolo@kihn.com','743-110-9187x05760',1,'2014-01-30 22:14:49','2016-09-09 06:44:16'),(47,'Freda','Steuber','kschiller@fisher.net','947-118-2246',2,'2018-03-02 17:50:45','2014-02-10 02:18:56'),(48,'Lenna','Bergnaum','dickinson.johnnie@gmail.com','(018)104-2059x456',3,'2016-05-13 01:56:18','2013-05-02 05:06:59'),(49,'Orval','Schuster','carlotta60@hotmail.com','(569)628-6883x08940',1,'2015-01-01 11:49:33','2015-11-06 10:16:08'),(50,'Quincy','Okuneva','bernier.gerhard@yahoo.com','(124)429-9474x7233',2,'2019-06-04 16:48:39','2014-10-15 16:35:08'),(51,'Delilah','Wunsch','gwelch@gmail.com','218.167.2089',3,'2019-10-06 15:23:59','2021-04-11 03:01:21'),(52,'Davion','Kunde','winston.marquardt@hotmail.com','1-286-079-4536x121',1,'2021-01-02 05:51:50','2019-12-02 22:27:44'),(53,'Ewald','Waelchi','trey.satterfield@luettgenfarrell.com','1-620-715-0328',2,'2011-11-23 16:57:23','2019-09-30 11:33:29'),(54,'Frieda','Gerhold','ashanahan@hotmail.com','270.393.5277x640',3,'2018-05-15 09:53:25','2013-10-24 15:57:28'),(55,'Marshall','Zieme','mathilde57@dickiward.com','1-077-497-8169',1,'2020-08-20 14:08:07','2016-03-18 06:30:00'),(56,'Pinkie','Volkman','heather.reinger@lehner.com','(699)814-6357x814',2,'2014-12-27 20:33:01','2016-02-12 23:11:42'),(57,'Chester','Botsford','malinda.nitzsche@hotmail.com','1-079-083-0769x0123',3,'2014-01-25 19:01:12','2020-03-09 06:29:35'),(58,'Cathryn','O\'Hara','marcelo.stracke@corwin.info','025-757-8404x2913',1,'2018-02-08 11:50:44','2014-11-12 19:20:34'),(59,'Albin','Fisher','jaida89@bosco.net','772.702.2622',2,'2016-06-16 14:03:45','2015-06-28 03:48:38'),(60,'Anibal','Sauer','wilderman.madaline@lubowitz.com','05762681553',3,'2020-06-02 08:31:05','2016-11-05 05:37:59'),(61,'Luigi','Weber','jdoyle@hotmail.com','06904212791',1,'2012-02-11 19:06:28','2019-03-23 16:57:42'),(62,'Beulah','Hammes','concepcion.mills@abernathywillms.org','763-443-2233x1929',2,'2021-04-16 08:39:58','2014-03-25 02:20:23'),(63,'Alexys','Ward','sheaney@kemmer.net','487.307.0670x06118',3,'2016-07-05 10:15:22','2014-08-31 10:41:25'),(64,'Louie','Mosciski','kolby47@gmail.com','(195)920-7348',1,'2015-05-18 14:23:16','2012-07-18 21:55:01'),(65,'Avis','Ankunding','dschmeler@yahoo.com','+19(1)7824234464',2,'2016-12-26 10:24:18','2018-11-30 18:38:55'),(66,'Eudora','Braun','nicolas.candace@mraz.com','1-531-754-6377x0425',3,'2013-06-27 14:21:49','2019-09-12 11:11:41'),(67,'Della','Wunsch','zboncak.jimmie@hotmail.com','141-781-6045x2684',1,'2011-09-03 11:14:31','2012-10-19 08:42:34'),(68,'Sonia','Mohr','pmosciski@hotmail.com','393-137-5320',2,'2016-10-30 21:24:48','2018-02-28 03:35:12'),(69,'Carmela','Ward','xlangosh@hotmail.com','1-133-899-5992x680',3,'2019-01-03 03:27:10','2016-12-13 05:05:04'),(70,'Isadore','Prosacco','ratke.bridie@hotmail.com','1-188-029-1672x8287',1,'2018-12-16 23:47:14','2018-12-11 15:17:18'),(71,'Adolph','Dietrich','jessie.hirthe@yahoo.com','1-474-780-3000',2,'2013-02-12 07:42:53','2014-11-13 09:15:25'),(72,'Ophelia','Reinger','eric56@gmail.com','048.682.9644',3,'2014-02-26 17:46:31','2018-10-12 20:15:37'),(73,'Ron','Swaniawski','wbogisich@hotmail.com','1-395-629-4686x0906',1,'2019-03-30 10:47:10','2017-07-04 21:15:49'),(74,'Sheldon','Yundt','murphy34@gmail.com','1-573-163-9462x343',2,'2013-10-22 11:04:41','2020-08-14 12:04:47'),(75,'Leora','Stamm','tillman.grimes@jacobi.com','987.558.2828',3,'2014-03-06 13:45:48','2014-09-03 03:31:20'),(76,'Ambrose','Ryan','bette.wehner@hotmail.com','(839)014-9053x4809',1,'2012-08-09 05:40:03','2012-12-15 14:03:05'),(77,'Jany','Ankunding','vluettgen@gmail.com','(070)590-4771',2,'2015-06-11 04:19:47','2018-12-27 21:36:25'),(78,'Lenora','Huel','ray54@hartmann.com','361-686-7372x23743',3,'2014-07-17 02:30:15','2019-04-27 09:53:24'),(79,'Rosanna','Hyatt','eda.ruecker@zboncakmoore.com','03568923571',1,'2016-07-19 19:21:47','2013-05-31 16:09:10'),(80,'Kavon','Berge','lubowitz.manley@hotmail.com','1-540-054-8858x0383',2,'2014-09-07 12:26:07','2016-09-13 16:11:07'),(81,'Dayton','Robel','kassulke.camille@grady.com','494-525-9381',3,'2020-02-29 12:22:18','2018-06-18 13:45:22'),(82,'Jakob','Bashirian','do\'keefe@schaefer.info','940-058-3294x2077',1,'2021-03-07 22:08:34','2018-06-23 16:26:09'),(83,'Nathen','Miller','runolfsson.aiden@hotmail.com','(954)151-7228x1468',2,'2013-05-24 04:22:08','2018-11-04 06:50:39'),(84,'Malvina','Greenholt','elliott00@hotmail.com','859-382-5074x7527',3,'2013-07-05 05:51:17','2013-12-27 00:48:33'),(85,'Kieran','Reichel','elda18@yahoo.com','1-750-528-1339x958',1,'2016-02-10 18:54:18','2013-08-10 04:52:41'),(86,'Edgardo','McKenzie','braden49@smitham.com','(659)699-7461x973',2,'2015-04-29 01:43:39','2019-09-16 07:33:02'),(87,'Oleta','Cormier','wilson94@yahoo.com','(971)453-7995',3,'2012-06-15 02:50:24','2013-04-10 17:17:40'),(88,'Vallie','Welch','franecki.alan@schneidermcglynn.com','06410659704',1,'2019-06-11 08:14:45','2020-11-11 08:03:42'),(89,'Giovani','Weimann','citlalli97@gmail.com','(508)587-0151',2,'2018-09-26 14:20:27','2015-03-22 22:37:59'),(90,'Juliana','Wiza','kasandra02@waelchianderson.net','986-067-4654x9275',3,'2012-02-19 01:17:01','2019-02-12 01:14:34'),(91,'Simeon','Halvorson','hayley33@gmail.com','622.091.0921',1,'2014-02-23 08:03:36','2014-03-01 18:10:10'),(92,'Mike','Hamill','pstracke@yahoo.com','08877162485',2,'2015-09-28 18:13:10','2019-05-26 01:57:24'),(93,'Rick','Swift','wolff.amely@morissette.biz','+47(7)2164935456',3,'2017-04-19 21:36:41','2013-01-28 07:44:08'),(94,'Mertie','Conroy','vonrueden.ross@jerde.net','(348)221-2821x86269',1,'2012-02-13 05:11:08','2014-08-25 11:53:19'),(95,'Kristy','Runolfsdottir','ukuhn@yahoo.com','(148)510-3800',2,'2016-08-28 23:18:21','2020-04-19 12:19:42'),(96,'Kirk','Jones','johnston.russell@zulauf.com','(224)686-7952',3,'2019-04-30 18:27:45','2015-04-24 22:19:00'),(97,'Clemens','Mills','doyle.paris@satterfieldrowe.com','(837)730-3337x70424',1,'2011-06-07 03:26:52','2019-05-07 18:55:18'),(98,'Maybell','Simonis','brayan.trantow@heller.org','1-683-683-0427x0531',2,'2013-06-14 21:35:01','2016-10-21 18:19:38'),(99,'Erick','Lesch','bailey02@powlowski.org','542-971-4370x74223',3,'2020-01-17 15:51:14','2017-06-28 22:58:02'),(100,'Gilberto','Runolfsdottir','leif.willms@denesik.com','025-645-4043x47878',1,'2015-01-07 10:22:32','2018-07-09 01:04:58');
/*!40000 ALTER TABLE `users` ENABLE KEYS */;
UNLOCK TABLES;

--
-- Table structure for table `users_status`
--

DROP TABLE IF EXISTS `users_status`;
/*!40101 SET @saved_cs_client     = @@character_set_client */;
/*!50503 SET character_set_client = utf8mb4 */;
CREATE TABLE `users_status` (
  `id` int unsigned NOT NULL AUTO_INCREMENT COMMENT 'Идентификатор сторки',
  `name` varchar(15) NOT NULL COMMENT 'Название статуса',
  `created_at` datetime DEFAULT CURRENT_TIMESTAMP COMMENT 'Время создания строки',
  `updated_at` datetime DEFAULT CURRENT_TIMESTAMP ON UPDATE CURRENT_TIMESTAMP COMMENT 'Время обновления строки',
  PRIMARY KEY (`id`),
  UNIQUE KEY `name` (`name`)
) ENGINE=InnoDB AUTO_INCREMENT=4 DEFAULT CHARSET=utf8mb4 COLLATE=utf8mb4_0900_ai_ci COMMENT='Статус пользователя';
/*!40101 SET character_set_client = @saved_cs_client */;

--
-- Dumping data for table `users_status`
--

LOCK TABLES `users_status` WRITE;
/*!40000 ALTER TABLE `users_status` DISABLE KEYS */;
INSERT INTO `users_status` VALUES (1,'search','2021-05-22 23:25:00','2021-05-22 23:25:00'),(2,'host','2021-05-22 23:25:00','2021-05-22 23:25:00'),(3,'non-active','2021-05-22 23:25:00','2021-05-22 23:25:00');
/*!40000 ALTER TABLE `users_status` ENABLE KEYS */;
UNLOCK TABLES;

--
-- Temporary view structure for view `workplace_name`
--

DROP TABLE IF EXISTS `workplace_name`;
/*!50001 DROP VIEW IF EXISTS `workplace_name`*/;
SET @saved_cs_client     = @@character_set_client;
/*!50503 SET character_set_client = utf8mb4 */;
/*!50001 CREATE VIEW `workplace_name` AS SELECT 
 1 AS `first_name`,
 1 AS `last_name`,
 1 AS `id`,
 1 AS `name`*/;
SET character_set_client = @saved_cs_client;

--
-- Temporary view structure for view `workplace_name_company`
--

DROP TABLE IF EXISTS `workplace_name_company`;
/*!50001 DROP VIEW IF EXISTS `workplace_name_company`*/;
SET @saved_cs_client     = @@character_set_client;
/*!50503 SET character_set_client = utf8mb4 */;
/*!50001 CREATE VIEW `workplace_name_company` AS SELECT 
 1 AS `first_name`,
 1 AS `last_name`,
 1 AS `id`,
 1 AS `name_workplace`,
 1 AS `company_id`,
 1 AS `name_company`*/;
SET character_set_client = @saved_cs_client;

--
-- Table structure for table `workplaces`
--

DROP TABLE IF EXISTS `workplaces`;
/*!40101 SET @saved_cs_client     = @@character_set_client */;
/*!50503 SET character_set_client = utf8mb4 */;
CREATE TABLE `workplaces` (
  `id` int unsigned NOT NULL AUTO_INCREMENT COMMENT 'Идентификатор строки',
  `user_id` int unsigned NOT NULL COMMENT 'Ссылка на владельца рабочего места',
  `name` varchar(150) CHARACTER SET utf8mb4 COLLATE utf8mb4_unicode_ci NOT NULL COMMENT 'Название рабочего места',
  `city` varchar(150) CHARACTER SET utf8mb4 COLLATE utf8mb4_unicode_ci NOT NULL,
  `address` varchar(150) CHARACTER SET utf8mb4 COLLATE utf8mb4_unicode_ci NOT NULL,
  `created_at` datetime DEFAULT CURRENT_TIMESTAMP COMMENT 'Время создания строки',
  `updated_at` datetime DEFAULT CURRENT_TIMESTAMP ON UPDATE CURRENT_TIMESTAMP COMMENT 'Время обновления строки',
  `Working_space_size` int NOT NULL COMMENT 'Размер рабочего пространства, м2',
  `wi_fi` tinyint(1) DEFAULT NULL COMMENT 'Наличие вай-фая',
  PRIMARY KEY (`id`),
  UNIQUE KEY `name` (`name`),
  KEY `workplaces_user_id_fk` (`user_id`),
  CONSTRAINT `workplaces_user_id_fk` FOREIGN KEY (`user_id`) REFERENCES `users` (`id`)
) ENGINE=InnoDB AUTO_INCREMENT=101 DEFAULT CHARSET=utf8mb4 COLLATE=utf8mb4_unicode_ci COMMENT='Рабочие места';
/*!40101 SET character_set_client = @saved_cs_client */;

--
-- Dumping data for table `workplaces`
--

LOCK TABLES `workplaces` WRITE;
/*!40000 ALTER TABLE `workplaces` DISABLE KEYS */;
INSERT INTO `workplaces` VALUES (1,58,'Quo aliquid sint qui veniam vel excepturi ab.','Sankt-Petersberg','85957 Huel Key\nCummerataview, AL 54427-6468','2014-10-22 20:08:28','2021-05-26 14:01:08',2,0),(2,63,'Suscipit id quibusdam omnis sunt quisquam expedita atque non.','Ufa','389 Bartell Prairie\nPort Sandrineport, OK 35985','2011-07-14 18:56:47','2021-05-26 14:01:08',5,1),(3,44,'Doloremque quas delectus molestias architecto placeat odit officiis.','Sankt-Petersberg','4384 Zboncak Plain\nSouth Francis, VT 36946-0428','2017-10-29 18:02:45','2021-05-26 14:01:08',5,0),(4,29,'Rerum provident dolorem assumenda sint voluptatem eveniet est amet.','Moscow','8884 Arvel Rapids\nNew Gianniview, MS 37253-6879','2016-10-25 17:28:34','2021-05-26 14:01:08',2,0),(5,15,'Perferendis et dolorum qui excepturi voluptas et sapiente.','Moscow','538 Wilkinson Court\nTillmanmouth, IL 24852','2020-05-01 08:38:16','2021-05-26 14:01:08',2,0),(6,85,'Qui dolorem ut praesentium et sequi.','Kazan','91477 Arielle Trail\nKrischester, VT 44687','2012-05-17 22:51:35','2021-05-26 14:01:08',4,1),(7,81,'Quaerat aut aliquid quis qui non enim et.','Ufa','415 Kunde Crest Apt. 305\nAshtonton, WA 01812','2015-09-19 21:20:44','2021-05-26 14:01:08',5,1),(8,48,'Non a qui nobis perspiciatis perferendis.','Kazan','784 Niko Mountain Apt. 942\nMervinbury, WY 76832','2020-08-25 13:19:40','2021-05-26 14:01:08',4,0),(9,98,'Suscipit omnis fugit aut incidunt autem itaque et molestiae.','Sankt-Petersberg','236 Lakin Lake Apt. 614\nMarisolberg, HI 94292','2020-12-28 10:19:20','2021-05-26 14:01:08',5,0),(10,46,'Possimus nesciunt a dolorem molestias eos ipsam.','Kazan','424 Thelma Drive\nSouth Sim, IN 29260-5185','2012-09-09 21:10:00','2021-05-26 14:01:08',2,0),(11,35,'Vel animi consequatur aut perspiciatis quas molestiae.','Sankt-Petersberg','4586 Coy Plain\nCummingsville, NH 79232','2012-10-14 08:27:05','2021-05-26 14:01:08',5,0),(12,36,'Laudantium non atque sunt quasi laboriosam suscipit.','Ufa','791 Keagan Branch\nHintzborough, OH 76160-5489','2019-01-28 22:23:07','2021-05-26 14:01:08',2,0),(13,76,'Accusamus repellendus veniam quam sit exercitationem.','Sankt-Petersberg','422 Elmore Rest Apt. 179\nMaribelbury, NV 48954','2012-03-30 12:26:58','2021-05-26 14:01:08',1,1),(14,69,'Fugiat repellendus libero nobis est dolorem suscipit aut.','Moscow','33447 Stark Prairie Suite 078\nEverettefurt, ME 69720','2020-12-03 22:53:49','2021-05-26 14:01:08',4,1),(15,19,'Dicta eius vero delectus dolores.','Sankt-Petersberg','226 Carmella Curve Apt. 068\nNorth Luciousside, MD 89722','2020-08-13 00:11:00','2021-05-26 14:01:08',3,0),(16,86,'Illo molestiae enim facere laborum.','Sankt-Petersberg','39765 Rhea River\nJoeyhaven, RI 24044','2013-12-02 16:42:29','2021-05-26 14:01:08',1,0),(17,73,'Iure quia eum animi accusantium exercitationem perferendis.','Kazan','70037 Jazmin Parks Apt. 144\nSouth Saul, DC 96223','2012-10-26 23:23:20','2021-05-26 14:01:08',2,1),(18,7,'Ipsa sunt dolorum asperiores dignissimos neque.','Kazan','7997 Margaret Spurs\nLake Carmela, AL 27153','2011-10-05 02:06:13','2021-05-26 14:01:08',2,0),(19,15,'Distinctio quas omnis aliquam aliquid.','Sankt-Petersberg','869 Langworth Islands Suite 641\nNorth Margareteside, NC 90922','2019-12-22 17:06:24','2021-05-26 14:01:08',2,1),(20,54,'Iure soluta illum voluptatum dignissimos.','Moscow','5691 Stanton Terrace Suite 733\nMinervafort, NC 82781','2015-11-20 03:43:21','2021-05-26 14:01:08',4,0),(21,23,'Repellendus ut placeat qui cumque sed totam cupiditate eveniet.','Moscow','3602 Barrows Valley Suite 316\nEast Mikaylaport, MN 57115','2017-07-31 23:05:23','2021-05-26 14:01:08',5,0),(22,53,'Quis inventore voluptatem facere temporibus.','Kazan','154 Shaniya Loaf Apt. 565\nZboncakport, IN 52949-7127','2017-09-30 11:49:03','2021-05-26 14:01:08',2,0),(23,97,'Deserunt inventore sequi non omnis laborum vitae.','Kazan','16788 Robel Squares Suite 870\nNorth Robertachester, DE 77606-2130','2019-03-14 17:34:58','2021-05-26 14:01:08',4,0),(24,23,'Et reprehenderit excepturi maiores reprehenderit quos reprehenderit.','Ufa','131 Tyrell Motorway Apt. 590\nHarrisberg, WA 21276-8229','2017-05-22 03:22:58','2021-05-26 14:01:08',3,1),(25,25,'Libero nobis enim qui sed explicabo asperiores.','Moscow','150 Vernice Islands Suite 553\nFritschville, NC 49228','2017-08-12 12:44:39','2021-05-26 14:01:08',4,0),(26,55,'Dolor est eum qui sed et voluptatem.','Moscow','877 Edward Burg\nLefflerstad, VT 32769-5191','2015-09-22 18:04:40','2021-05-26 14:01:08',1,0),(27,100,'Qui laboriosam aut esse in nemo odit.','Ufa','00849 Tremblay Meadow Suite 388\nAaliyahborough, FL 19783-1973','2015-04-21 09:36:42','2021-05-26 14:01:08',1,1),(28,34,'Quo ut dignissimos corporis reiciendis.','Moscow','259 Reinhold Mountains Apt. 505\nEast Lauryland, VA 28521','2016-02-02 10:41:05','2021-05-26 14:01:08',4,0),(29,70,'Et optio molestiae ut animi omnis.','Kazan','08227 Sandy Ways Suite 634\nAlvertaton, MI 44721','2018-04-30 06:05:48','2021-05-26 14:01:08',5,1),(30,46,'Vel dolorum maxime enim perspiciatis placeat dolorum perspiciatis.','Kazan','902 Elenor Springs Apt. 046\nSouth Trudie, TN 63208','2016-04-26 22:06:35','2021-05-26 14:01:08',5,1),(31,20,'Laboriosam sequi voluptas saepe ullam blanditiis ut.','Kazan','66816 Kareem Mountain Apt. 640\nLake Vivianton, ME 91169-8466','2018-04-30 10:52:02','2021-05-26 14:01:08',3,1),(32,64,'Vero adipisci ut optio nam dolores magnam quia.','Ufa','3042 Gerhold Port\nKubville, SD 61194','2021-05-13 22:05:37','2021-05-26 14:01:08',5,1),(33,57,'Non et at veniam in et.','Kazan','14036 Brown Camp\nGerlachfort, NM 81340-6487','2019-08-14 12:49:29','2021-05-26 14:01:08',3,1),(34,94,'Sed commodi id delectus ipsa voluptatem aut.','Moscow','87496 Legros Pines\nElishaville, NC 78315-3718','2012-06-20 06:58:32','2021-05-26 14:01:08',2,0),(35,96,'Voluptatum nulla est ducimus hic vitae eum.','Sankt-Petersberg','65880 Brakus Knoll\nLaurelport, MI 93291','2019-11-02 02:13:11','2021-05-26 14:01:08',3,1),(36,99,'Et eos quasi omnis et.','Moscow','3229 Tyler Circles\nPort Nelson, MD 74627-9866','2019-05-25 08:14:23','2021-05-26 14:01:08',4,1),(37,5,'Quo et eos eius est nam nobis cum.','Sankt-Petersberg','456 Feil Gateway Suite 509\nBogisichville, WA 18915','2017-07-10 23:10:01','2021-05-26 14:01:08',1,1),(38,27,'Fugiat error omnis quam voluptatibus rerum.','Sankt-Petersberg','3656 Abshire Corners\nSouth Ubaldo, CT 69711','2017-03-18 05:26:30','2021-05-26 14:01:08',3,1),(39,22,'Aut enim qui sunt quas qui ducimus et.','Kazan','980 Gaetano Village Apt. 110\nGoyettechester, WI 83271','2017-10-17 07:46:15','2021-05-26 14:01:08',5,1),(40,25,'Est adipisci perferendis accusantium quis molestiae.','Sankt-Petersberg','647 DuBuque Harbors Suite 707\nWest Rocky, AZ 83955-9649','2014-01-02 21:07:42','2021-05-26 14:01:08',5,0),(41,62,'Voluptates iure ut quisquam praesentium quae animi.','Moscow','506 Rau Islands Apt. 961\nBaumbachfurt, NC 00813-6911','2011-07-03 07:22:59','2021-05-26 14:01:08',1,0),(42,32,'Animi velit ut nobis ad ut.','Kazan','304 Sandrine Causeway\nJeanettehaven, MS 13531','2015-12-11 19:35:35','2021-05-26 14:01:08',4,1),(43,73,'Ut laudantium velit mollitia dicta.','Ufa','29676 Ocie Court Suite 550\nKobemouth, WY 87963-8890','2016-09-04 18:30:49','2021-05-26 14:01:08',3,0),(44,70,'Aut reprehenderit temporibus omnis aut aut.','Kazan','0004 Wiegand Crossroad\nStrosinhaven, AK 57144-3905','2016-04-25 07:53:19','2021-05-26 14:01:08',2,1),(45,30,'Expedita vitae impedit temporibus.','Kazan','658 Reyes Green\nAliviachester, WA 36468-7637','2018-05-12 08:34:41','2021-05-26 14:01:08',1,0),(46,40,'Ut cupiditate modi ipsam eligendi voluptas.','Kazan','79543 Heathcote Mission\nNew Tristianview, KS 58575-6990','2012-07-20 06:21:08','2021-05-26 14:01:08',2,1),(47,11,'Laborum dolor deserunt aperiam sunt quia quia.','Moscow','480 Sophia Bypass Suite 365\nLake Mortimer, MN 47397','2016-10-02 07:07:37','2021-05-26 14:01:08',4,0),(48,33,'Accusamus ut quam harum sunt repellat molestiae officiis.','Sankt-Petersberg','382 Steuber Flats\nRomainebury, TX 54021','2011-09-07 21:55:37','2021-05-26 14:01:08',2,1),(49,32,'Consectetur omnis qui inventore.','Kazan','9946 Kailyn Isle Suite 598\nLake Cassidy, CA 09657','2017-11-20 07:07:44','2021-05-26 14:01:08',4,1),(50,58,'Molestias sed minus corrupti fugiat.','Sankt-Petersberg','6325 Harmon Burg Suite 461\nJarretfort, WY 79308-9157','2017-07-30 01:49:53','2021-05-26 14:01:08',1,1),(51,97,'Ut voluptatem iusto eius excepturi consequatur sint provident.','Moscow','2678 Pfeffer Crossroad Suite 253\nDesmondfort, WA 35603-7360','2017-12-22 14:01:05','2021-05-26 14:01:08',2,1),(52,9,'Quae exercitationem ratione sit ut distinctio.','Moscow','0781 Boehm Manors Apt. 851\nLake Kenyaborough, ID 36673','2012-02-29 19:43:10','2021-05-26 14:01:08',1,1),(53,55,'Asperiores quia alias consectetur dolore.','Kazan','04256 Jones Track\nGleichnerville, ID 35171','2014-06-17 00:45:47','2021-05-26 14:01:08',4,1),(54,46,'Incidunt est consectetur reiciendis est ut.','Ufa','6904 O\'Keefe Rapids\nPort Aiyanaport, NH 87745-3282','2018-02-07 11:32:07','2021-05-26 14:01:08',5,0),(55,66,'Quisquam sequi aut placeat sit eum libero labore et.','Sankt-Petersberg','60865 O\'Kon Divide Apt. 758\nEmilioside, CO 11816','2018-09-04 09:28:09','2021-05-26 14:01:08',3,1),(56,89,'Molestiae commodi illum doloremque quo.','Moscow','78563 Giuseppe Coves Apt. 287\nNorth Earline, ND 73471-6599','2017-05-22 17:39:05','2021-05-26 14:01:08',5,0),(57,48,'Ea repudiandae repellendus numquam inventore suscipit.','Moscow','8634 Ramona Grove\nNew Shanon, MO 19939-2068','2019-06-30 02:01:46','2021-05-26 14:01:08',4,0),(58,74,'Enim hic culpa rerum asperiores veniam.','Kazan','526 Hauck Canyon Apt. 473\nCorkeryside, MS 20804-2540','2018-01-29 14:52:43','2021-05-26 14:01:08',2,0),(59,23,'Velit aspernatur suscipit quam beatae sunt.','Sankt-Petersberg','8413 Terry Orchard Apt. 367\nGerlachmouth, SD 11506','2017-08-17 13:58:01','2021-05-26 14:01:08',2,1),(60,95,'Asperiores ipsa distinctio accusantium illo est aut ullam.','Sankt-Petersberg','1567 Anabelle Course\nPort Robb, MO 38185','2016-05-08 07:37:10','2021-05-26 14:01:08',2,0),(61,4,'Non perferendis consequatur voluptatem aliquid non sed.','Moscow','45355 Lourdes Row Suite 145\nWest Danielle, GA 43426-0530','2012-09-04 10:36:52','2021-05-26 14:01:08',5,1),(62,35,'Sunt laborum sed aut.','Sankt-Petersberg','03443 Sauer Divide Apt. 054\nSouth Otis, GA 78763-7453','2014-07-03 09:16:56','2021-05-26 14:01:08',4,0),(63,62,'Necessitatibus aut eos consequatur libero ut.','Kazan','206 Cummerata Roads Suite 860\nO\'Konborough, NM 04011-5226','2016-04-24 03:33:24','2021-05-26 14:01:08',2,1),(64,6,'Est dolor accusamus perferendis asperiores.','Kazan','0612 Stamm Wells Apt. 394\nNorth Ashlyfurt, WI 26508','2018-09-30 00:31:50','2021-05-26 14:01:08',3,1),(65,41,'Sunt est enim illum animi explicabo aliquid.','Sankt-Petersberg','16573 Witting Shoal Suite 150\nPaytonville, CT 25370','2017-11-27 20:19:51','2021-05-26 14:01:08',4,0),(66,88,'Sint sed est quo suscipit aut.','Moscow','8967 Cruz Pines Apt. 138\nSantiagoshire, CA 87373','2014-05-20 08:07:57','2021-05-26 14:01:08',2,1),(67,15,'Ex molestias ratione ut reiciendis eos.','Ufa','368 Doyle Expressway\nNew Daphnehaven, AR 72511','2012-07-24 22:59:18','2021-05-26 14:01:08',3,0),(68,10,'Aut esse doloremque in sapiente qui ratione.','Ufa','2005 Leila Meadows\nLillieside, IL 94977','2019-01-24 22:01:11','2021-05-26 14:01:08',1,0),(69,7,'Fugit illo in veritatis quia id dignissimos dolor.','Ufa','9336 Altenwerth Island Apt. 467\nEast Shanyland, MT 50899','2014-02-17 19:07:42','2021-05-26 14:01:08',5,1),(70,1,'Rerum sapiente et laboriosam magni necessitatibus omnis non velit.','Sankt-Petersberg','49239 Cormier Meadows Suite 920\nCamillabury, CT 65789','2011-12-26 06:38:15','2021-05-26 14:01:08',4,0),(71,87,'Eaque aut quis impedit et at molestiae ex.','Sankt-Petersberg','43704 Zemlak Way\nAbdielshire, MS 67672','2012-06-01 23:49:16','2021-05-26 14:01:08',2,0),(72,30,'Dolores minus eos pariatur.','Ufa','780 Abagail Road\nPort Isaac, PA 89065','2021-04-22 13:57:37','2021-05-26 14:01:08',2,0),(73,87,'Reiciendis ut cum quia molestiae quae nesciunt.','Sankt-Petersberg','0362 Ritchie Crossing Apt. 752\nLake Ambrose, OK 65750','2019-11-20 03:21:43','2021-05-26 14:01:08',5,0),(74,45,'Dolores esse ut autem ducimus aliquam cupiditate quod pariatur.','Ufa','93715 Steuber Oval Suite 543\nNew Alejandrin, WA 38235-8617','2013-07-22 03:31:57','2021-05-26 14:01:08',4,1),(75,63,'Id maiores quia sit fugit totam ut iste.','Sankt-Petersberg','49637 Jorge Fork\nReichelstad, IL 39606-4960','2012-11-06 01:22:17','2021-05-26 14:01:08',4,0),(76,80,'Rerum fugit beatae corporis quasi qui quo.','Moscow','922 Ledner Point Suite 838\nEast Garlandville, TN 99340','2020-08-21 17:29:08','2021-05-26 14:01:08',3,1),(77,12,'Aperiam sit ut odit.','Ufa','397 Monahan Summit Apt. 897\nJoannieburgh, AK 91288','2014-08-12 06:47:18','2021-05-26 14:01:08',4,0),(78,18,'Ut veniam repellendus non vel.','Kazan','8108 Grover Isle Suite 978\nMylestown, MT 27708','2015-02-16 04:21:20','2021-05-26 14:01:08',3,1),(79,54,'Culpa facere consectetur laborum quo rem qui necessitatibus.','Ufa','5539 Osborne Meadow Suite 231\nMarianeland, ID 20653-5693','2014-11-22 07:11:43','2021-05-26 14:01:08',1,0),(80,15,'Cumque aut mollitia architecto perferendis.','Kazan','24395 Feil Lights Apt. 927\nFlossiefurt, IL 36109-9509','2020-04-22 15:15:21','2021-05-26 14:01:08',4,0),(81,12,'Suscipit repellat rem sunt dolorem exercitationem.','Moscow','026 Ivory Ferry Suite 702\nSouth Armand, OH 35669-8684','2013-10-24 18:24:07','2021-05-26 14:01:08',5,1),(82,13,'Optio laudantium qui accusamus ducimus.','Moscow','423 Cremin Center Apt. 412\nGleichnerport, MN 70260-7913','2021-02-18 19:36:46','2021-05-26 14:01:08',2,0),(83,32,'Eligendi recusandae labore totam impedit ducimus.','Kazan','19066 Isabella Isle\nEast Trystan, VA 49911','2018-10-28 17:08:32','2021-05-26 14:01:08',4,0),(84,17,'Ex eaque ut libero et consequuntur ipsam dolorem blanditiis.','Moscow','7486 Kameron Glens\nPort Raphaellebury, NY 97697','2017-02-19 01:04:00','2021-05-26 14:01:08',4,1),(85,92,'Aperiam doloribus vel eum ipsa dicta sed necessitatibus.','Kazan','919 Nikolaus Cape Apt. 457\nBerrybury, ME 24035','2020-10-15 21:10:31','2021-05-26 14:01:08',4,1),(86,7,'Possimus eaque nostrum voluptatem aliquid.','Moscow','690 Harold Loaf\nEast Garret, NV 22656-7308','2017-10-31 16:23:34','2021-05-26 14:01:08',1,1),(87,60,'Adipisci dolorem quo quibusdam.','Ufa','2388 Raynor Drives\nSouth Baron, KS 19770-2711','2014-11-18 07:13:08','2021-05-26 14:01:08',3,1),(88,78,'Ut aperiam eum laborum.','Kazan','090 Enoch Landing Apt. 845\nNorth Karlee, LA 04789','2016-09-23 13:20:35','2021-05-26 14:01:08',5,0),(89,8,'Aut et et tempora repudiandae est fugiat.','Moscow','39219 Ken Trace Apt. 559\nBashirianborough, VT 41957','2015-11-13 07:07:44','2021-05-26 14:01:08',3,1),(90,5,'Facere consequatur qui in quod atque totam nulla.','Moscow','22458 Marilyne Lake Suite 359\nLake Seamusmouth, ME 46378-2016','2013-06-20 05:40:28','2021-05-26 14:01:08',1,1),(91,100,'Ut fugiat nulla aut consequatur.','Kazan','550 Jarod Groves Apt. 358\nMitchellville, IL 16508-2090','2012-06-11 00:56:17','2021-05-26 14:01:08',4,0),(92,86,'In enim nesciunt expedita nemo.','Ufa','54743 Michaela Estates Apt. 579\nLake Callieland, KY 89527-7092','2020-07-12 11:06:09','2021-05-26 14:01:08',1,1),(93,30,'Cupiditate reiciendis voluptatum nam quod.','Sankt-Petersberg','7843 Wilmer Springs\nWest Nels, AZ 46399-1752','2017-08-07 14:41:25','2021-05-26 14:01:08',3,1),(94,91,'Consequatur ut blanditiis rerum ea.','Moscow','34581 Everett Pass Suite 451\nJosuefurt, DC 88439','2018-12-12 16:23:31','2021-05-26 14:01:08',1,1),(95,62,'Qui quae dolorem ducimus ea perferendis.','Moscow','71990 Jacobi Manors\nNew Gabrieltown, HI 62690','2020-05-14 19:11:25','2021-05-26 14:01:08',4,1),(96,40,'Totam quo recusandae architecto.','Kazan','012 Sylvester Run Suite 303\nStarkfurt, WI 10344-0328','2018-08-19 06:15:44','2021-05-26 14:01:08',5,0),(97,12,'Assumenda et quam esse deserunt consequuntur rerum voluptatem eos.','Kazan','5978 McDermott Field\nNew Simone, IN 77066-8389','2016-01-29 17:48:42','2021-05-26 14:01:08',4,0),(98,39,'Nesciunt dolorum suscipit libero dolorum debitis.','Sankt-Petersberg','99212 Marilie Mountain\nEast Stephanyville, CO 45017','2013-01-06 18:09:18','2021-05-26 14:01:08',4,0),(99,57,'Recusandae magnam voluptas aut amet nesciunt commodi unde.','Kazan','9831 Daphne Shore Suite 285\nWest Kobyberg, FL 81111-3255','2011-07-28 02:57:29','2021-05-26 14:01:08',4,0),(100,69,'Est eveniet delectus ducimus non adipisci beatae enim.','Kazan','30318 Kreiger Harbor Apt. 632\nWest Stantonchester, NV 77591-5681','2017-08-24 05:59:51','2021-05-26 14:01:08',5,0);
/*!40000 ALTER TABLE `workplaces` ENABLE KEYS */;
UNLOCK TABLES;

--
-- Final view structure for view `user_company`
--

/*!50001 DROP VIEW IF EXISTS `user_company`*/;
/*!50001 SET @saved_cs_client          = @@character_set_client */;
/*!50001 SET @saved_cs_results         = @@character_set_results */;
/*!50001 SET @saved_col_connection     = @@collation_connection */;
/*!50001 SET character_set_client      = utf8mb4 */;
/*!50001 SET character_set_results     = utf8mb4 */;
/*!50001 SET collation_connection      = utf8mb4_0900_ai_ci */;
/*!50001 CREATE ALGORITHM=UNDEFINED */
/*!50013 DEFINER=`root`@`localhost` SQL SECURITY DEFINER */
/*!50001 VIEW `user_company` AS select `u`.`first_name` AS `first_name`,`u`.`last_name` AS `last_name`,`cu`.`company_id` AS `company_id`,`c`.`name` AS `name_company` from ((`users` `u` join `company_users` `cu` on((`u`.`id` = `cu`.`user_id`))) join `companies` `c` on((`c`.`id` = `cu`.`company_id`))) */;
/*!50001 SET character_set_client      = @saved_cs_client */;
/*!50001 SET character_set_results     = @saved_cs_results */;
/*!50001 SET collation_connection      = @saved_col_connection */;

--
-- Final view structure for view `workplace_name`
--

/*!50001 DROP VIEW IF EXISTS `workplace_name`*/;
/*!50001 SET @saved_cs_client          = @@character_set_client */;
/*!50001 SET @saved_cs_results         = @@character_set_results */;
/*!50001 SET @saved_col_connection     = @@collation_connection */;
/*!50001 SET character_set_client      = utf8mb4 */;
/*!50001 SET character_set_results     = utf8mb4 */;
/*!50001 SET collation_connection      = utf8mb4_0900_ai_ci */;
/*!50001 CREATE ALGORITHM=UNDEFINED */
/*!50013 DEFINER=`root`@`localhost` SQL SECURITY DEFINER */
/*!50001 VIEW `workplace_name` AS select `u`.`first_name` AS `first_name`,`u`.`last_name` AS `last_name`,`w`.`id` AS `id`,`w`.`name` AS `name` from (`users` `u` left join `workplaces` `w` on((`w`.`user_id` = `u`.`id`))) */;
/*!50001 SET character_set_client      = @saved_cs_client */;
/*!50001 SET character_set_results     = @saved_cs_results */;
/*!50001 SET collation_connection      = @saved_col_connection */;

--
-- Final view structure for view `workplace_name_company`
--

/*!50001 DROP VIEW IF EXISTS `workplace_name_company`*/;
/*!50001 SET @saved_cs_client          = @@character_set_client */;
/*!50001 SET @saved_cs_results         = @@character_set_results */;
/*!50001 SET @saved_col_connection     = @@collation_connection */;
/*!50001 SET character_set_client      = utf8mb4 */;
/*!50001 SET character_set_results     = utf8mb4 */;
/*!50001 SET collation_connection      = utf8mb4_0900_ai_ci */;
/*!50001 CREATE ALGORITHM=UNDEFINED */
/*!50013 DEFINER=`root`@`localhost` SQL SECURITY DEFINER */
/*!50001 VIEW `workplace_name_company` AS select `u`.`first_name` AS `first_name`,`u`.`last_name` AS `last_name`,`w`.`id` AS `id`,`w`.`name` AS `name_workplace`,`cu`.`company_id` AS `company_id`,`c`.`name` AS `name_company` from (((`users` `u` left join `workplaces` `w` on((`w`.`user_id` = `u`.`id`))) left join `company_users` `cu` on((`u`.`id` = `cu`.`user_id`))) left join `companies` `c` on((`c`.`id` = `cu`.`company_id`))) */;
/*!50001 SET character_set_client      = @saved_cs_client */;
/*!50001 SET character_set_results     = @saved_cs_results */;
/*!50001 SET collation_connection      = @saved_col_connection */;
/*!40103 SET TIME_ZONE=@OLD_TIME_ZONE */;

/*!40101 SET SQL_MODE=@OLD_SQL_MODE */;
/*!40014 SET FOREIGN_KEY_CHECKS=@OLD_FOREIGN_KEY_CHECKS */;
/*!40014 SET UNIQUE_CHECKS=@OLD_UNIQUE_CHECKS */;
/*!40101 SET CHARACTER_SET_CLIENT=@OLD_CHARACTER_SET_CLIENT */;
/*!40101 SET CHARACTER_SET_RESULTS=@OLD_CHARACTER_SET_RESULTS */;
/*!40101 SET COLLATION_CONNECTION=@OLD_COLLATION_CONNECTION */;
/*!40111 SET SQL_NOTES=@OLD_SQL_NOTES */;

-- Dump completed on 2021-06-07 11:55:21
